,column1,column2
1389,reageren,-0.03179620484037908
1047,scarier,-0.03161409123103733
1109,iemand,-0.029917230670673353
1963,idk,-0.02816045686053947
2628,smfh,-0.027774168966468598
2124,wtf,-0.027112818969452713
98,afraid,-0.026509767107607836
1205,douches,-0.026475703321286227
2537,shaq,-0.02604003101238177
269,smh,-0.026030622456046384
2004,volgens,-0.0259680227836765
583,eigenlijk,-0.02554090095874003
2617,eww,-0.025386248057350666
541,wordt,-0.025181177070929192
1686,smdh,-0.024900019016730633
1913,niggas,-0.02460492665093964
2434,takut,-0.02460176709117706
460,scared,-0.02454373634476448
2672,hershel,-0.02401775122117206
922,leeg,-0.02383998947178498
1446,stfu,-0.023593498224158807
2640,aucun,-0.023435573763219805
657,accidentally,-0.02341645567430944
2564,bereikt,-0.02338574056532902
1569,nydailynews,-0.023318258132985492
433,rapist,-0.023012428590633304
2765,nigga,-0.02278723598918658
453,dnt,-0.02264528830976908
688,contre,-0.022584650120055887
207,dems,-0.022177834492883342
2314,ewwwwww,-0.021958569695338197
1943,bully,-0.02179570756519614
1173,bekend,-0.02133135641639581
384,wat,-0.021312921542353553
1198,rhoa,-0.021246420578129872
2590,slecht,-0.021236042121735153
2794,paura,-0.02114616226475755
2006,gaat,-0.021112812707189448
1768,provoked,-0.021111239004856563
1303,rabid,-0.021064069025195965
1879,paranoid,-0.021056066511024412
986,daarin,-0.020998782713145772
817,verkeerde,-0.020992708600029518
1162,straightup,-0.020896131042356634
535,dont,-0.0208749053817455
814,erachter,-0.02077858315043866
1269,some1,-0.02063733132684174
2533,juwan,-0.02051118196480748
144,stupid,-0.020442180694294633
2730,olvido,-0.020425345043478316
2330,dit,-0.02038207210612598
2135,nah,-0.020340458149465206
1972,ppl,-0.02026264293015116
2244,hijack,-0.0201159231002078
1214,maar,-0.020099500306860262
945,warned,-0.020094959997342905
2287,juss,-0.020014764386623314
1496,disgusting,-0.019912606602658065
386,ik,-0.019808881146535687
2396,dislike,-0.019745506598549803
626,sais,-0.0197270016831647
2626,uwp,-0.01961878593047405
2020,delete,-0.019582141288052815
148,mistrust,-0.019382169847744487
2,hulp,-0.019267156907546632
544,deur,-0.019243489627967472
315,o.o,-0.019205008614785708
2703,prolly,-0.019174917068537762
1399,fake,-0.019104177527507843
751,newsnight,-0.01904109161463954
2705,idc,-0.019033581859865655
1497,disgusted,-0.01896944993980359
964,camiseta,-0.018943446118575406
2493,lmao,-0.018941336042276144
1164,deactivated,-0.01893644437289193
2484,heeft,-0.018898002770073516
1674,nederland,-0.018826277334666106
999,gekomen,-0.018756820125303306
1450,omfg,-0.018714692095734144
871,omar,-0.01860645401056963
747,ricki,-0.01850951927869324
1852,frat,-0.01848088625238429
1878,censoring,-0.018460633044601667
2007,niet,-0.018440247146687305
1705,doesnt,-0.018418407392450178
1473,norris,-0.018325680202364476
1618,prohibit,-0.018255183276600948
1839,havent,-0.018141922757519784
1080,dude,-0.018141559467702663
387,weer,-0.017936740060173276
1038,confused,-0.01775065690554696
917,hoofd,-0.017665072928910657
2291,hurt,-0.017650843668385933
881,omg,-0.017585755257721467
2676,kno,-0.01756975461458476
1904,britney,-0.01755879462501825
1190,ugly,-0.01752159781121668
1738,idiot-,-0.0175190406722649
1316,idiot,-0.01751317292190322
1386,benieuwd,-0.01749912690604108
1543,offensive,-0.01749077328166502
1307,guy,-0.017472699406881283
2297,rejected,-0.01739134276852745
354,fear,-0.017354705517671227
2237,wayy,-0.01727181367254763
441,wrong,-0.017267232278873883
857,fan,-0.01720483557012329
1420,neither,-0.017203994297173973
809,dat,-0.01718372239720457
458,plz,-0.017175317541457825
1153,spams,-0.01711842341509436
479,unaware,-0.017040198353106804
1333,disagree,-0.017021672711633743
2574,irrelevant,-0.01697422355408365
396,eht,-0.0169661734037678
1136,aggressive,-0.01687391587605094
2323,eindelijk,-0.01683906713082226
230,gisteren,-0.016836009997516537
893,seinfeld,-0.016813616157808173
710,prevent,-0.016796549357558192
708,damaging,-0.0167923035722896
2473,hide,-0.01678975280388123
916,idee,-0.01678180473103937
1600,knew,-0.0167526685642881
1758,oftewel,-0.01674032433204328
812,het,-0.016693424269171735
2679,wht,-0.016634420101649332
2741,jajaja,-0.016633194798669496
856,upsetting,-0.016574051094236555
538,isnt,-0.016519485331151114
1604,shittin,-0.016415604673871608
1541,facepalm,-0.016406746423939748
1579,bootleg,-0.016380568599770107
2003,eens,-0.016330902858019615
1752,phobophobia,-0.01628955223604056
1241,tryna,-0.016273744346516846
1754,phobia,-0.016269633213033152
1501,justin,-0.016256385580820664
947,prohibits,-0.016205908717283658
272,killed,-0.01605839652017585
83,idiots,-0.016050433092829313
1108,moet,-0.015966788098666675
1266,meh,-0.01595172079713837
1306,saw,-0.01586043523376869
2099,hates,-0.01583681175033579
2769,gewoon,-0.015810432860274365
117,why,-0.015686548691320478
2790,incompetent,-0.015672043245885194
792,tumbr,-0.015666503347650317
1350,angry,-0.015637198488877287
1392,mij,-0.015583641806854266
420,apologize,-0.015521321497702883
1521,ontvanger,-0.015491885254436755
1880,antagonists,-0.015443416274166998
2764,dey,-0.015399001836501763
971,fearing,-0.015382136260123627
2799,tanto,-0.015374551854748376
1179,vanavond,-0.015332247516571496
437,rape,-0.015316249031112962
745,scary,-0.01529390400548448
1571,police,-0.015287914292802475
755,rioters,-0.015267977973658725
883,fail,-0.015264787992404051
84,arrogantly,-0.015257667741200798
1693,uh,-0.015224175661500408
91,opposed,-0.015212596311408543
1057,dun,-0.01520596068089856
569,hahahahah,-0.015169435823746824
1315,underrated,-0.015093846150476011
520,oops,-0.015086370439610359
1189,fk,-0.01507487123855773
1706,kinda,-0.015045529327455322
2320,laatste,-0.01500244088602202
29,hate,-0.014973027463593922
1628,louco,-0.014969621617506824
1519,zat,-0.014959714177954603
1243,hmm,-0.014933661161479575
1213,kost,-0.014872222774769099
1039,cant,-0.014824912321000043
160,u,-0.014817764948652869
1141,fb,-0.01480968526842163
1085,detrimental,-0.014778647349693773
263,fails,-0.014751308177012543
1186,thinks,-0.014749813647580622
2653,poser,-0.014747093363748165
8,apparently,-0.014713743567602045
1894,dick,-0.014704923841824834
1,iets,-0.014681975184245391
1100,screamed,-0.01465991415443782
866,lettin,-0.014606771215115905
262,never,-0.014591349467007228
134,abuse,-0.014577487928247722
2526,regarder,-0.0145234167931031
238,helemaal,-0.014522067970238079
1137,lame,-0.01446682897448186
2541,antoine,-0.014457346625304629
920,alleen,-0.01442303533126249
1187,hes,-0.014420138422439053
783,soldados,-0.014366635432670373
2474,unsafe,-0.014355737659566563
82,ironic,-0.014344799584083108
1599,btw,-0.014296829047201476
289,anyone,-0.014294676834962482
1385,echt,-0.014289080699150336
2094,risking,-0.01423081958004944
1832,vs,-0.01420705803089524
2751,moeten,-0.0142040983203966
1121,weapon,-0.014201203386859049
1029,alcatraz,-0.014188768389280527
1901,forgot,-0.014165283503277525
209,closemindedness,-0.01408848435212965
1217,zijn,-0.014038227087877289
2164,regrets,-0.01403562584007374
2489,zelf,-0.014026751204306048
2601,ganna,-0.014019768386513335
1558,tweets,-0.013999408186761262
800,quand,-0.013990298080082703
472,yaf,-0.013962382330061716
966,quien,-0.013913756883104285
1942,mafia,-0.013907181878997688
495,tweet,-0.013878246048098033
2381,stab,-0.013865903503114407
1540,assholes,-0.013846177922777496
1440,kill,-0.013832018643100833
766,cody,-0.013829746899376208
512,warning,-0.013822031071592302
2073,aant,-0.013809720939492556
2029,ttk,-0.01378585824056814
1360,nigger,-0.013765395581376889
1976,obvious,-0.013762477352085517
2743,rip,-0.013752232408325092
1751,phobias,-0.013751644967512062
2215,yeah,-0.013728895723668467
2491,admit,-0.013713827418264745
887,showed,-0.013685867537474842
2490,trash,-0.013578448316190232
2690,houden,-0.013515705943731323
13,die,-0.01351107146249977
2689,hadden,-0.013507909500162523
2137,shame,-0.013484523586387095
1431,anger,-0.013464035206078856
514,rapper,-0.0134585685786192
2216,npc,-0.013453943253322838
2318,indians,-0.013419248246684556
660,penis,-0.013412728635017307
2734,tienen,-0.013308599869144266
446,woow,-0.013300953372383675
1455,destroys,-0.013295678087150096
2543,aint,-0.013294393753853656
1723,accused,-0.01323324619395025
1103,cuz,-0.01320340632603162
1285,akon,-0.013186196892704245
1041,would,-0.013161972067633622
1174,maken,-0.013153456426113248
896,nba,-0.013125449789895084
1204,obnoxious,-0.013119884607759943
663,mean,-0.013108288870022113
408,looked,-0.013101245933249786
2399,jokey,-0.013079926815604785
101,seen,-0.01301592746416385
395,voor,-0.012989858321429156
811,aam,-0.01295762253846325
1886,player,-0.01293847380834371
2549,foreveralone,-0.012927804177314917
397,laatst,-0.012920777083885546
78,gay,-0.012913266187661048
1925,gf,-0.012883749555809431
1753,mortified,-0.012868713743598225
1235,thhink,-0.012846651049298946
641,frauds,-0.012814393572504619
2514,fuckin,-0.01281229889581236
1133,naar,-0.012792561480272741
2569,flashed,-0.01278308051465969
2310,rex,-0.012771052535912904
38,says,-0.01273937611535007
129,hey,-0.012721817727804547
1506,freak,-0.012683899250027714
819,elkaar,-0.01265875337525639
1363,ex,-0.01265173245799751
956,mirar,-0.012612203869223364
1093,stalking,-0.012603267612955275
6,?,-0.01259395642962641
2219,gaan,-0.012582059733325329
735,reply,-0.012551801050749782
1854,manipulate,-0.012526830756721997
2097,annoying,-0.012523349500765377
2709,protips,-0.012516408648737772
2707,kyle,-0.012475996218969079
815,komt,-0.012431466007053468
818,volgorde,-0.012430570599573606
2058,realtalk,-0.012423963794511913
1759,kunnen,-0.012407223497382115
2453,yung,-0.01239712006634675
553,een,-0.012382345444246592
2791,fcukin,-0.01232081974479593
890,tried,-0.012284323634678901
118,fuck,-0.012236175541564809
910,gisteravond,-0.012149725243103149
2358,udh,-0.012139721100201699
2002,geloof,-0.012030959253542705
921,nu,-0.011972632658187987
1001,agree,-0.011970157185326779
1026,harry,-0.011953813524013255
2551,gross,-0.011950068897077552
1774,whoa,-0.011896566846930932
674,they,-0.011893004496706517
1835,exist,-0.011857677018156723
2174,regarded,-0.011816542425491834
1195,nasty,-0.011804503951849461
1218,overige,-0.011796002847233093
1152,landen,-0.011778674985230421
777,question,-0.011758483861954418
2162,oublier,-0.011744928431137792
702,actor,-0.011743690508624475
1689,iknow,-0.011741713302566138
2575,clearly,-0.01173917696189409
957,clse,-0.011737794709039875
628,comment,-0.011716556223114875
1169,bro,-0.01171045131762699
1990,happened,-0.011630666348362155
865,might,-0.011609426477488631
2212,ignore,-0.011607562817206273
1191,chick,-0.011606665900606616
2662,defends,-0.011604598557641944
158,someone,-0.011598091187551868
848,annonce,-0.011597647957209804
707,think,-0.011593350541784743
2293,wanted,-0.011592079961273332
759,guess,-0.011552006617402336
938,pic,-0.011546524855701415
208,racism,-0.01153405388623978
1102,'d,-0.011505893628787177
2696,nooooooooo,-0.01143996533791191
624,je,-0.011436709209879088
2223,il,-0.011429436237127973
2699,als,-0.011426152028157716
2346,musa,-0.011404006312784667
2686,doe,-0.011382572050004496
2562,vriendin,-0.011376011196325229
280,islam,-0.011359848160486286
382,twitter,-0.011346098722381797
275,losing,-0.011342741907854321
696,despise,-0.011285171253374637
1684,probably,-0.011284812176039528
1772,fools,-0.011281794747801947
2151,dire,-0.011276203325341764
2485,berg,-0.011258785966284783
2602,faced,-0.011241167578431528
333,rage,-0.011228512202614045
935,nbc,-0.01121345126980372
2487,ook,-0.011208623462373094
2039,watched,-0.011177259885000639
2026,yu,-0.01117070703347741
2683,sketchy,-0.011152852249302719
1572,aggressively,-0.01113312096009303
882,jk,-0.011121160580579501
892,jerry,-0.011110319534975188
1936,null,-0.011105937491437588
1036,attack,-0.011079760484515398
40,not,-0.011074737707303823
2534,howard,-0.011073768461040023
34,justinbieber,-0.011065166450546352
2594,lijm,-0.011064605393157307
274,should,-0.011057506002589559
2322,doen,-0.011029182460259085
1647,unless,-0.011022847052287787
836,bc,-0.01101370627345002
1273,posted,-0.011013640675095396
1183,zaal,-0.01100562743127189
1034,gon,-0.010975537464285772
2379,failure,-0.010969179357973929
239,blij,-0.010964172768936277
1648,protect,-0.010952409831585918
2050,condemning,-0.010946515354644925
1528,knows,-0.0109414981978246
2716,reseda,-0.010920777282939559
2645,parle,-0.010883339692177337
93,actually,-0.01087825744160138
161,could,-0.01087275312061914
1875,russia,-0.010870585140285742
672,guys,-0.010852519399527116
2561,lieve,-0.010850107191437001
5,toch,-0.010820847606766248
1172,maandag,-0.010777256003995695
820,aan,-0.010763484775879028
1796,hell,-0.010733305476822766
566,shawn,-0.010730132133490998
1930,rodriguez,-0.010728605051944399
984,gekregen,-0.01071434998187594
1417,blogtv,-0.010708246631065912
750,lose,-0.010690659127522558
519,stat,-0.010680013517412344
667,punished,-0.010658076673616767
67,did,-0.010657605698934291
157,fact,-0.010644149896839266
1621,ep,-0.01062989604516961
1582,anymore,-0.010620565131025803
561,schwartz,-0.01061550117432394
532,happen,-0.010600936264730883
2279,aliens,-0.010587889132185497
1387,hoe,-0.010586217399175632
152,ever,-0.010562796705945102
1388,mensen,-0.010545082125067792
2152,gut,-0.010544983992266995
1633,posso,-0.010543789005945995
231,ontzettend,-0.010508318768744775
394,hahaha,-0.010447978424106778
2792,shxt,-0.010444521845376946
2629,cena,-0.010434545268669892
2209,breakups,-0.01041548844419863
1238,lakers,-0.010394206378004773
2727,nohope,-0.010380617780835004
1025,said,-0.010380033799387295
125,saying,-0.010344261037744641
1227,erase,-0.010338752416475958
2370,patriots,-0.010336741945605158
586,dan,-0.010329508415142095
977,rarely,-0.010326423025206732
2176,destructive,-0.010311495020758654
2280,snakes,-0.010299931146566393
2225,vp,-0.010281432899029972
1671,rebel,-0.010277616814032563
1134,winkel,-0.010266202953923874
1023,fait,-0.010258173476274236
110,dodo,-0.010250951395898461
679,voir,-0.010220889235383834
2249,fml,-0.010215193157530887
1884,hillis,-0.01019448116153159
585,worse,-0.010173180033842424
2404,michigan,-0.010158070911387153
1515,lachen,-0.010138447032933548
653,if,-0.010127368506980873
424,denial,-0.010079858718361414
20,proves,-0.010079358092560805
542,zo,-0.010077179772133361
1188,bitch,-0.010060678777996802
2179,succumbed,-0.010058247672376739
2616,gag,-0.010058137708738295
614,hmmm,-0.010015581961706523
1522,affect,-0.010015060152650386
2472,behavior,-0.010002274783522747
2425,roosevelt,-0.009996991641064455
2342,awkward,-0.00998609408762685
1309,jordy,-0.009983492150085814
2554,brandon,-0.009973287119115656
2186,russell,-0.009958096217058756
876,meant,-0.009941672425717358
401,mention,-0.009927504355785306
1409,statement,-0.009907726580482173
2074,zin,-0.009906207982085448
1384,kidding,-0.009891291891769733
1658,whn,-0.009874480171477126
2452,jeu,-0.009847561937660192
2708,refs,-0.009795949992423229
944,were,-0.00977109654137785
2579,realized,-0.009765686165478743
33,@,-0.009757409163493824
1849,valid,-0.009719891358890124
2022,appears,-0.009715629955557295
1011,weird,-0.009699579770486688
903,exists,-0.009695949909455685
1606,decency,-0.009686599999440266
911,laat,-0.009660886534056187
731,sucks,-0.009648476087598954
879,marcus,-0.009630186551278692
1171,geslaagde,-0.009629253545023515
175,wow,-0.009625051702540629
2475,creep,-0.009622617200316524
2048,hah,-0.009615408872799307
1872,korea,-0.009615219126755344
359,seriously,-0.00959849633646974
1130,expensive,-0.009583995915073945
351,avoid,-0.009583937222289535
2051,taboos,-0.009581095794369165
1194,anyways,-0.009580583846675535
2586,nike,-0.009566067348951426
2350,sawa,-0.00954524255855163
2589,notreally,-0.009524141104857812
39,does,-0.009514631884073869
994,lekkere,-0.009506831549158998
1101,told,-0.009504397689625825
2568,potentially,-0.009499619194134
1019,cuisse,-0.009483332496331404
2218,ffxi,-0.009463413582405747
1356,bought,-0.009428278723147615
2559,youtube,-0.009426372400514945
2161,tout,-0.009419462122448593
320,shrug,-0.009406372961494628
607,elopement,-0.009389545796656
233,surprise,-0.00936429055663152
2513,tw,-0.009319775074120728
2737,si,-0.009315104558070412
1514,bizarre,-0.009310591999425516
2469,tolerate,-0.009274707038884066
2795,rimanere,-0.009272640672354842
303,lol,-0.009259714545659825
1697,chose,-0.009256363998249285
1408,rhetorical,-0.009238502882281795
2142,honestly,-0.00923809983908597
2479,trust,-0.009222473621514305
1196,wan,-0.009194782717329136
621,t,-0.009187436161283492
2025,yes,-0.009171999102066746
2528,roger,-0.009158938427537894
28,i,-0.009158081379249235
1127,he,-0.009142213830051414
1239,wont,-0.009135782298386005
2522,rien,-0.009127970717007714
2603,basically,-0.009041744861138798
2739,evo,-0.009033403780960205
625,ne,-0.0090193625485696
2384,believeit,-0.009001590854585148
2654,horrible,-0.008995058928791634
742,funny,-0.008983897881854955
0,heel,-0.008964509283326766
2801,paul,-0.008957283760154802
1814,supposed,-0.00894239139912896
236,jarige,-0.008941030422091087
2698,oke,-0.008937452230628369
414,normales,-0.008917083512287457
1197,ur,-0.008914220383960355
630,impressionnant,-0.008914159001165347
821,zetten,-0.00891323706561029
2271,badly,-0.008912082389950216
516,shit,-0.008910306059120297
1391,gedichten,-0.008896401802703386
2592,vinger,-0.008895790250731369
1910,panties,-0.008892462019943552
1523,reasoning,-0.008879980404563552
840,tells,-0.00887453481321384
2644,notre,-0.008870866994985077
2731,camara,-0.008862866647079096
432,hahaa,-0.008842930804682366
919,gedicht,-0.008836962736442255
799,donc,-0.008808513407461464
1575,barricade,-0.008790954964067153
606,celebrity,-0.008777012741266094
2767,false,-0.008719264344805298
329,throw,-0.008708300182417824
266,heard,-0.00869004922133962
823,bad,-0.008678407274304157
1463,cause,-0.008623307322328586
658,asked,-0.008622913546271281
584,wats,-0.008579743837783194
465,joking,-0.008579197995243313
797,broke,-0.008566307805510664
687,par,-0.008543739908628356
757,actions,-0.008505666954676397
2321,dingetjes,-0.00846233157544452
2200,bummed,-0.008451549055860434
1354,reason,-0.00844724358471037
1654,nt,-0.008443192598699651
1955,bet,-0.008422571156340205
468,thought,-0.008333275692511355
627,pas,-0.008330134852882844
1112,rewatch,-0.008311517414625108
400,gedaan,-0.008306665413933614
734,aww,-0.008305674547050008
1032,deathly,-0.008299980300432561
854,loner,-0.00825040639169971
131,forum,-0.008244552547580644
2684,scuttling,-0.00823945593431402
1105,bite,-0.008233405685973257
2362,apologise,-0.00822858238057895
2632,gm,-0.008222630562938656
2659,sandusky,-0.008202996131511622
616,mcintyre,-0.008183344665926634
1467,resist,-0.008176546097963732
2015,realize,-0.008159670671593244
2395,casteth,-0.008155778208545905
564,because,-0.008155446348242109
2296,ahahaha,-0.008154703647331944
1520,zit,-0.008139307057787464
2173,force,-0.008137950608295792
2299,tom,-0.008108527375214345
551,hebben,-0.008103241675651756
2712,anything,-0.008097589791472065
2191,ze,-0.008082339634256865
2693,nika,-0.00807270002733292
1566,pity,-0.008058131068740109
2774,martin,-0.008054318367853208
539,want,-0.008052676004797452
2756,puedo,-0.008044413216577303
2113,ok.,-0.008042437146808214
1687,fucked,-0.008039896174367822
1997,suggestion,-0.008029204861157935
1442,shes,-0.008022674656499354
2796,non,-0.008019331301801172
2167,boyfriend,-0.008002640953326375
169,was,-0.008001705927849193
1504,pose,-0.007962336174393158
2001,goh,-0.007929448624285747
69,know,-0.007920254793246888
1557,seems,-0.007918317906259742
1761,sint,-0.007870177544130264
255,wants,-0.007861131905112607
2433,ga,-0.007856485862023624
2721,indonesian,-0.007832102374581928
841,'ve,-0.007825913223098441
181,name,-0.007825810247744985
1920,pulls,-0.007818047718756922
2639,connais,-0.007815608986946882
1882,media,-0.007799955377406951
1721,guesswhat,-0.007793849997353733
1498,understand,-0.007782686269204922
2332,fin,-0.007778764417219343
325,wo,-0.00776328144913715
1837,expect,-0.007745399774668742
2220,lijnen,-0.007742466225814514
2403,florida,-0.007736059236818273
1887,offence,-0.007732048168492887
2282,centipedes,-0.007703626668540033
1714,changed,-0.007690134277912753
1330,terrible,-0.007689519415704653
694,weak,-0.007689475903344946
1301,tds,-0.007681285104105507
2506,premature,-0.007671251540135828
858,offense,-0.007668551980031198
2733,todavia,-0.007660955880181128
251,no,-0.007660576935909782
1636,browne,-0.007634485120067797
961,una,-0.007621615731312333
2303,enemies,-0.007595544928328603
1643,tragic,-0.0075933727152469824
1644,true,-0.007591028173281109
636,nowhere,-0.0075850833282207234
43,who,-0.007546766886048288
1711,gotten,-0.007545204212562037
1957,se,-0.007542884346094505
409,haha,-0.0074918802907448035
915,briljant,-0.007467061479967045
849,sa,-0.007456897667453079
1626,mais,-0.007452174968562315
1615,say,-0.007443650294114021
2037,ask,-0.007428448785709715
2762,tattoo,-0.007414978038272651
1495,fetishes,-0.007385586713934991
549,zelfs,-0.007385578515237031
2771,exposed,-0.007383195529805822
807,pissing,-0.007359792061612864
1596,panic,-0.007358549236914526
1922,thats,-0.007356318021851641
2266,cam,-0.007350389952044291
412,ia,-0.007336381717762411
1937,fa,-0.0073337377256039345
1846,ok,-0.007328949234013343
2170,juggernaut,-0.007327818375930404
1161,bitches,-0.0073190193096500464
1226,decides,-0.007313091388029087
2738,ir,-0.0072764239978956625
2030,tho,-0.007275433549389656
1877,controlled,-0.007240266764298539
981,craig,-0.0072315131070479636
1632,mal,-0.007207311270569493
1000,bij,-0.007200983134438164
548,uur,-0.007194348182116296
42,females,-0.007178607288673735
1652,desi,-0.007175495374475229
2239,okay,-0.007156164881018481
1927,must,-0.007140238895091195
1128,mcdonald,-0.007125244466282421
454,believe,-0.00710499426519901
2563,canada,-0.007098559301673904
452,every1,-0.007097627382166176
76,marry,-0.007095242989855815
1013,loathing,-0.007093494920192907
1715,shirt,-0.007090516225239466
51,dirty,-0.007081747721148955
2448,changer,-0.007081135438932608
1233,talked,-0.007077160800338552
2797,mai,-0.007065872953316745
2255,drove,-0.007063191496313186
1456,implants,-0.0070628857211746995
899,had,-0.007053305237956248
81,allowed,-0.007048380905226884
1424,pull,-0.007036022083849502
1608,crashed,-0.007034155617580762
312,strange,-0.007033216986971336
330,against,-0.007033134029232235
1184,gassed,-0.00702403852763563
1376,perd,-0.007016262059773926
972,impose,-0.007008436804611996
953,factor,-0.007002426572182355
1348,ive,-0.0070002699445608765
599,quienes,-0.0069919157146647905
2308,recall,-0.0069864826708225134
643,afc,-0.006974358207631665
692,r,-0.006971033212479134
970,pretext,-0.006961548761334333
1400,ugh,-0.006954565507936959
340,kept,-0.006947031545407138
1977,apparent,-0.0069421772990496235
1364,died,-0.006937096514755283
1398,either,-0.006933685338223311
1713,simply,-0.0069275930280060264
831,ass,-0.0069223619051845525
2630,interested,-0.006900743438739575
58,respect,-0.006876945932467824
200,majority,-0.00686618564558399
2309,named,-0.006858958142579203
2248,speechless,-0.006856622438933018
1129,anti,-0.00685379329628885
2466,response,-0.0068438979650634535
1735,nick,-0.006833696922888161
2400,aff,-0.006823241357399526
1279,toronto,-0.006809841806246833
1755,facts,-0.006808761630313347
521,damn,-0.006807737881671916
1702,confusion,-0.006803053086352596
1780,realised,-0.006790654006544988
875,context,-0.006752641515469429
1425,lost,-0.006741359151952353
2749,levens,-0.006736590414104482
1451,shut,-0.006727715202121996
445,worst,-0.006712695331317097
2454,kang,-0.006712624063851349
418,serious,-0.0067047831688661665
501,swear,-0.0066613068257473955
2732,ps3,-0.006660597239040169
985,met,-0.006607453533379483
205,legalizing,-0.006592525130564994
261,she,-0.006577142366284397
578,'re,-0.0065735487625917036
1876,military,-0.006569163559548258
2492,juan,-0.006548600720786085
316,what,-0.0065416055569929065
480,ven,-0.006536844502890385
1321,ignoring,-0.006536725268625943
2688,pech,-0.006525788749555031
156,accept,-0.0065220434583905225
2171,literal,-0.006516501141369049
1453,spider,-0.006496044208496135
475,far,-0.00648815305593301
880,collins,-0.006479927698083454
1757,plak,-0.006447643065217767
1312,syndrome,-0.006446495064259121
2486,ie,-0.006445520022073811
411,la,-0.006441791346163679
1665,facebook,-0.006440869282435543
1284,advanage,-0.006424147644130775
2072,alweer,-0.0064024730443374535
2447,obliger,-0.0064012753045868676
1874,germany,-0.006396297002881407
253,d,-0.006392157149122433
2677,legal,-0.006378283673959405
2077,may,-0.006378073681632047
174,like,-0.006364313091851493
2052,any,-0.0063581041638009865
2545,none,-0.006335416582147328
77,but,-0.006325442335353835
1535,exactly,-0.006316294026217197
1556,wondering,-0.006299317300450007
2692,thread,-0.006293507917254938
2175,mercilessly,-0.006272457593664136
1476,ghetto,-0.006253106318919644
2740,este,-0.006227883704288022
2584,somethin,-0.006221357285995291
1736,tennessee,-0.00621750923237262
1822,common,-0.006195876426986525
2273,public,-0.0061869543528691485
909,leuk,-0.006171980207066139
2577,freaking,-0.006162913135268967
894,confirmed,-0.00613454717092298
1779,goodthing,-0.006132968562071807
1483,happening,-0.006128772943070214
2213,haunts,-0.006127435514217551
1707,mad,-0.006125570038918352
1367,cherche,-0.006119304927859512
2375,dreads,-0.006116294695462957
540,onze,-0.006111891473596394
559,david,-0.006106322297524471
1900,totally,-0.006104101468188766
1410,undefined,-0.0061008310893410815
2023,dyer,-0.006095711431778279
1905,spears,-0.006095628366872691
1347,az,-0.006089672694256928
997,op,-0.00608114118555599
471,lee,-0.006059548155482591
19,really,-0.006031016905534835
550,na,-0.006027767491968828
1104,lion,-0.006023664373694213
2008,tell,-0.006023514392625328
353,thing,-0.006018732255325687
2411,names,-0.00601457232218889
1482,naked,-0.006011231612594738
1180,afmaken,-0.0060051724869740085
1988,ran,-0.005997162140145786
61,man,-0.005996447663883444
1536,doh,-0.005990118312768203
2540,dunked,-0.005983151599644886
2462,wears,-0.0059776827779070936
1661,death,-0.00597249970724393
2476,stealing,-0.005962206463571855
410,s,-0.0059184039797559596
2262,suddenly,-0.005911363112441585
1407,mere,-0.005894328010968636
2087,shhhhhh,-0.005867075093054859
2278,rats,-0.005864627184866341
1783,buy,-0.0058635978898617545
2254,josh,-0.0058547714135534805
1040,ah,-0.005853628007163716
969,regimes,-0.005850168491035045
2779,blasted,-0.005842384266547107
1762,america,-0.00582022031074712
2144,mi,-0.0057992633670471945
1722,woman,-0.005797745314676832
1603,ago,-0.005791298410316283
2294,smash,-0.0057897840581519555
798,toi,-0.005788082929719624
2372,alvast,-0.00578020565843653
1836,england,-0.005773681104744989
2226,un,-0.005768672913446533
499,suck,-0.005766876023177555
600,seran,-0.005760313197050587
1028,prisoner,-0.005756807593753916
2785,bitter,-0.0057423781978111505
2086,james,-0.0057386419034589475
1373,em,-0.005718892909177928
488,even,-0.0056809588537554976
895,looks,-0.0056691440033073215
222,change,-0.005660652265830229
1594,push,-0.005653182356213687
1663,unlived,-0.00565277080783931
1182,er,-0.005651026974321012
669,nothing,-0.005649278127893004
21,how,-0.005639773712359037
1908,g-string,-0.005621103703279096
217,trick,-0.0056120320432514964
3,mag,-0.005611503240593225
1079,gerome,-0.005608343768516608
73,that,-0.005607950167357815
779,duque,-0.0056026591268892555
2258,ones,-0.005586334035163601
2482,denny,-0.0055736738688488404
2440,di,-0.0055631539694389566
698,probable,-0.005561173507018478
1382,control,-0.005555608330733232
2055,truth,-0.005552672019389645
859,sad,-0.005546232660470317
327,only,-0.0055331669016324666
1158,directors,-0.0055330505154374855
322,bb,-0.0055251307060252865
1370,des,-0.005512884364475258
1021,te,-0.005501916570640392
2446,nous,-0.005494413361855176
1966,often,-0.005475077417984675
2031,bucketlist,-0.005466463338379681
771,happens,-0.005466065532816353
1088,option,-0.005451694041517507
85,claim,-0.005449803011908792
678,viens,-0.005426765786768448
904,called,-0.0054189411438412384
476,im,-0.0054073846774506445
2728,deffintly,-0.005406098799927227
847,dominique,-0.005393000836733845
360,put,-0.00539164658470984
107,has,-0.00538106119414307
1806,newer,-0.005379465353473892
2093,verge,-0.0053622444036253
407,fell,-0.005343722161110378
760,missing,-0.005338829759845598
197,black,-0.005314044720546808
1282,used,-0.005312920675718255
2744,morgan,-0.005301315422432501
375,win,-0.005295792253123171
385,ben,-0.005253673893742968
531,crap,-0.0052380737711722565
2772,charlatan,-0.005234849375671631
1165,account,-0.005221990284175448
2331,ã,-0.005221585307125448
2267,twinkie,-0.005221144605319328
35,'s,-0.005215694405682926
749,derek,-0.005213987851266975
1576,let,-0.005203454264801508
260,beef,-0.005187939198298646
2208,realise,-0.0051867035170866955
1986,depend,-0.005158510496749238
1627,estou,-0.005152803321625167
2356,yook,-0.0051395480024127495
462,drake,-0.005124887532658728
1492,drunk,-0.005105930155138842
1380,1-0,-0.005103966835782026
448,soo,-0.0050789445666711095
2056,notice,-0.005053301057581233
2530,reality,-0.005049405531257891
2417,bio,-0.005042143219786028
1486,shoot,-0.005039822097322044
179,remembers,-0.0050362473368011414
1003,person,-0.005026685276296945
1861,address,-0.005025688838108587
813,bent,-0.005023383558178674
1394,though,-0.005014167993817682
2650,flashbacks,-0.005004710050510743
1656,riot,-0.004997712160031498
70,there,-0.004996065024023264
378,collector,-0.0049779649789508836
1775,become,-0.0049762835255815
2333,thin,-0.004975219155147775
497,awful,-0.004965708098302872
1811,dating,-0.004957932618071962
2478,topshop,-0.004950714078847826
1583,bahahahaha,-0.004944255999801172
2685,played,-0.004943834214003743
1672,brand,-0.004937519687198573
1973,outta,-0.0049320383115434565
1334,legalization,-0.004927484983224728
725,george,-0.004917853508274727
2418,nc,-0.00491748255710197
2470,certain,-0.004903403050232343
2445,knock,-0.004897473849605718
623,une,-0.004877002651883135
127,randoms,-0.004861800533041844
1664,hey-,-0.00483771100156323
1107,cage,-0.004836063431711488
686,ri,-0.004832708761451225
86,represent,-0.004832653955843933
2376,cool,-0.004825165354988963
2222,comeback,-0.004803485540620945
2523,trailer,-0.004802552955812392
2736,buscar,-0.00479847394908541
1070,cutout,-0.004785299550842845
2761,selfish,-0.004774983653067138
1883,attempts,-0.004758445643571121
50,are,-0.004753382202552076
2044,shittiest,-0.0047524527427736125
388,lekker,-0.004704762246199961
1050,harold,-0.0046830512823633225
2786,cousin,-0.004662420040313841
1435,real,-0.004658193228486364
543,de,-0.004657203699054885
1947,reaaal,-0.00465618691458292
406,gave,-0.004655778441133992
54,got,-0.004654067717746266
2243,evidence,-0.004653953222348502
638,organization,-0.004648427856801556
53,yall,-0.00464215476360717
1274,video,-0.004638651211933422
1733,waste,-0.004634149378752619
398,groep,-0.004622142897587591
711,opinions,-0.004603084034241748
1591,propel,-0.004599196729487286
1014,dessiner,-0.004598512310791376
2646,milliard,-0.004593753167763217
1206,replaced,-0.0045831313062787895
1366,came,-0.0045660215794117035
622,es,-0.004559739758556319
2016,wearing,-0.0045447998015815385
913,mijn,-0.0045427386389003755
1526,injured,-0.004524892156037897
1379,france,-0.004515304481645374
1267,ryerson,-0.00450254619801622
934,ck,-0.004497767420122343
2710,aimed,-0.0044971433214431285
1813,ai,-0.004489852277416745
2439,ada,-0.0044494114157401085
1999,character,-0.004425746297397704
185,que,-0.004418164148651588
965,rosa,-0.004410439394457325
2263,becoming,-0.004398687957686642
1015,trous,-0.004373647372505062
1586,cute,-0.0043578395074424965
2246,article,-0.004322773548829149
1881,despite,-0.004313400568919917
860,member,-0.004308254860095418
1517,goed,-0.004302346467659441
704,hero,-0.004301301976101498
36,profile,-0.004289744458684022
2302,democracy,-0.004263852594270903
1795,coincidence,-0.004243757603123688
846,luke,-0.004235479885761963
2328,ou,-0.004224240013661929
608,ooh,-0.004211537384069671
72,states,-0.004206694605999199
925,goin,-0.0042016422351225605
963,con,-0.004196151955770223
563,shannon,-0.004194319301110847
2735,venir,-0.004193136473015662
1574,crowd,-0.004177111857702628
80,is,-0.00415727250141999
4,wel,-0.004155125126003521
1570,shows,-0.004152135881557039
1051,kumar,-0.0041517920360197875
24,can,-0.004124656811687793
2009,indian,-0.00412305455808861
1083,took,-0.00411731918756534
335,taken,-0.004109860199121096
1765,import,-0.004103783151776998
2104,uncle,-0.0040790363061894265
1649,institution,-0.004056276077018598
2236,utrecht,-0.004047689081485006
2550,agreed,-0.004042248380091184
26,easily,-0.004041538377232864
980,theirs,-0.004037152310105316
617,made,-0.004036133234552618
1071,sneak,-0.004025165430428836
1573,pushing,-0.004020658272231166
793,vanished,-0.004002467690738041
1912,dead,-0.004001070054964233
206,marijuana,-0.003973274350353612
56,have,-0.003948624671861413
513,male,-0.0039417097939874945
863,everytime,-0.003940472806081803
642,nfc,-0.003926396395131097
2133,filipino,-0.003925293776283663
2019,hit,-0.003917511457479306
554,fight,-0.003916376315506556
756,justifying,-0.003914589970298592
1458,«,-0.003885704057443127
210,fucking,-0.0038802379382791787
1743,ordered,-0.0038683566954439003
673,lie,-0.0038473541275321774
2389,killing,-0.0038348913355394153
555,act,-0.003794872716607552
2354,ke,-0.003783769613248009
1948,vom,-0.003778434447259107
1673,hart,-0.0037549565804343697
1938,already,-0.0037360701120255587
1662,rather,-0.0037127798190895165
1956,ya,-0.003699610831284687
2745,col.,-0.0036990344050338237
1660,bollywood,-0.0036803864075273564
2081,kay,-0.003666185003883673
2316,tyvm,-0.0036268645849610076
1325,contact,-0.0036230328840601
691,»,-0.0036187175000726717
232,leuke,-0.003603530195320007
1756,dag,-0.003591404235018819
2042,umberto,-0.003579557820200894
2288,rules,-0.0035700271346449457
68,you,-0.0035619440390999126
780,sola,-0.0035569377615585814
2163,avoir,-0.003527783677644468
1847,alot,-0.0035209574157192545
552,nog,-0.0035185988648956663
1682,whereas,-0.0035142364957315843
390,en,-0.0034923610113361324
1240,answer,-0.003478447635932091
74,allow,-0.003468019109319669
23,humans,-0.0034671356607887138
416,something,-0.0034441978288102175
1507,-lol,-0.003442376276274882
2700,deed,-0.003426615771789923
1016,raquette,-0.0034194960827581672
2488,prima,-0.0034192079211786907
2098,complicated,-0.0034186344944155326
580,vet,-0.003406279178801273
805,schilderen,-0.0034062596025723688
744,actual,-0.0034008095131884586
1923,balls,-0.003394206850209937
706,literally,-0.0033846465860605623
1199,ohhh,-0.0033816652893556916
870,keating,-0.003373291014120283
136,bud,-0.0033716072575705495
2669,dyed,-0.003366576213632233
1084,kind,-0.003364896484863904
2304,behind,-0.0033550398441853104
1030,foots,-0.003330887206917057
2518,“,-0.003314343402257099
1934,beast,-0.003303243507469193
1320,fat,-0.0032900142952527606
1831,hamilton,-0.0032786321344161775
726,carlin,-0.0032575430572154905
1232,ate,-0.0032373147780687776
2109,nervous,-0.0032326095461932504
2117,server,-0.0032290905790605434
834,lingerie,-0.0032223357340573997
1115,broken,-0.0032074104370843287
2542,carr,-0.0032020296604164345
2177,unstoppable,-0.003197379392227866
1156,sure,-0.0031947558381474005
2593,geniet,-0.003180076418578166
63,went,-0.0031754730662151127
186,le,-0.0031674363966078325
2442,itu,-0.0031502581923539066
1154,comin,-0.0031257148167668876
2324,murder,-0.0031181912277904312
1012,rare,-0.003101940010261578
383,oooh,-0.0031012641873126605
2351,congrats,-0.0030992210917191077
358,john,-0.003075511762365853
1623,tahm,-0.003074396380555835
2754,sangre,-0.0030715978001927494
1215,euro,-0.003071130914153633
1873,china,-0.0030662983478954866
2292,chances,-0.003033083883407822
2066,joshua,-0.0030303093615216305
1155,timeline,-0.0030297696101640927
1863,buying,-0.003025831106991624
634,show,-0.003023109079685036
1830,beat,-0.003021075246429438
466,cos,-0.0030113707770384295
982,dilemma,-0.003004794567505811
1371,merci,-0.002990066832306398
511,ohhhh,-0.002985920710281084
639,49ers,-0.0029647714676292116
635,him,-0.0029625398912565223
2458,bigla,-0.002953351661909501
1414,ungrateful,-0.002951475998605589
1378,coupe,-0.0029511472476393104
996,maaltijd,-0.0029102071907552997
597,reinas,-0.002904888686897246
2061,hopeless,-0.002897674458197329
195,too,-0.002896335097273729
1430,bitterness,-0.00289193107816683
2257,hold,-0.0028899784296734067
2054,drunken,-0.002884459055676486
524,see,-0.0028807035881031357
844,worry,-0.002870571138759753
1291,bosses,-0.0028556907538109318
2661,defending,-0.0028425918836430296
2678,ova,-0.0028393781495998573
695,emotion,-0.0028272389299941994
2111,file,-0.0028198985621609354
2140,entree,-0.0027994236451068777
2329,ted,-0.0027927519130532073
1530,follower,-0.002791093932420483
2198,actively,-0.0027843683757850543
1992,slipping,-0.0027837150618921854
560,j.,-0.0027795031186062732
2566,ed,-0.0027730529496470696
1616,hi,-0.002754195995177019
1518,ontvangen,-0.0027490400404818773
216,sometimes,-0.0027380994360743445
138,match,-0.002731264245091379
10,people,-0.0027296339467028996
2338,inflamed,-0.0027192465948527446
143,just,-0.0027192179321656215
2327,au,-0.002714110764287046
1436,painful,-0.002709408937608021
2606,sonal,-0.0027047584073618645
522,missed,-0.002677199342398236
1283,huge,-0.0026674342542849297
2525,pu,-0.002659329687862382
762,interesting,-0.0026444330106455884
1009,evil,-0.002606619631671614
651,”,-0.002589932704821425
2172,metaphorical,-0.002571665733290544
455,lies,-0.00256808486839249
2371,drankje,-0.002566418038640382
2149,sera,-0.0025561285370088787
1231,in2,-0.0025462376768411225
2245,excuse,-0.0025348544547200745
954,uk,-0.0025052190100618376
1087,coney,-0.0024909641753617737
936,cking,-0.00248953223392215
967,‘,-0.002479529491209059
442,use,-0.0024752201074630447
496,be,-0.0024701559041533203
324,press,-0.0024678282204974797
1415,decide,-0.002452246083759275
2521,vieux,-0.0024518945450081675
2694,jerome,-0.002449738743492097
2045,plot,-0.002444699775022963
1018,sur,-0.0024440262649963766
331,wall,-0.0024356106570448286
1177,keegan,-0.002433525318864002
18,it,-0.002422166037399245
1304,cult,-0.002421900518075493
685,beaucoup,-0.002415305067367953
2125,borrow,-0.0024037435118075524
286,ha,-0.002401179631213694
1982,remains,-0.0023883885047116843
680,les,-0.002386961360897511
2348,punching,-0.002371792263762617
1297,quenched,-0.0023387491928950734
1042,rap,-0.0023324870856548893
268,..,-0.0023317429246969557
1786,superbowl,-0.002317156780307618
2385,yesss,-0.0023089121219347546
2798,stata,-0.0023043543032362193
192,been,-0.0023004291685190838
974,own,-0.002295812972657018
1678,toxoplasmosis,-0.002295264712123637
2010,constitution,-0.002290807770570693
2711,directly,-0.0022821653006924684
1146,except,-0.0022818184112114964
2706,tits,-0.0022785404895011214
2573,utterly,-0.0022751998573823894
2435,kegelapan,-0.0022676100268399554
111,trouble,-0.0022666206846961544
90,populace,-0.002264308653223493
1044,beating,-0.0022579062264642324
885,friend,-0.002253131442037474
2046,twist,-0.002244090806020915
1223,atleast,-0.002237499706386921
1857,devil,-0.002231274087028528
115,do,-0.0022207569586195964
2503,[,-0.002218124865210024
1516,geslaagd,-0.002210156640753868
2373,vieren,-0.002204458510108119
2365,possible,-0.002195201764750734
415,learned,-0.002190202487700146
2657,earring,-0.002188006954845092
2759,ti,-0.002179029997230296
1287,changeable,-0.0021676318218554593
1216,dus,-0.0021661174491415342
1692,chip,-0.0021572645615086207
254,found,-0.0021550058874982288
832,point,-0.0021361458088930588
2110,submitted,-0.002129892788320944
60,yaself,-0.002124063939156301
581,cadeau,-0.002110744730708436
2079,whether,-0.002080023416348592
2658,studs,-0.0020792631108857975
629,fais,-0.0020746174457121143
1655,laughin,-0.0020723578592001315
2655,bust,-0.002064708356324355
361,crappy,-0.0020355864776287953
2591,gezondheid,-0.00203385964612233
1475,stuck,-0.002030618693084888
1869,plastic,-0.0020234650880390256
2800,forte,-0.0020227306204266366
1731,drop,-0.0020164552592996255
2286,snif,-0.002016252939105561
1512,genuine,-0.0020081807921663157
2230,hihi,-0.002007837367392797
1609,alright,-0.0020075197564198206
2450,nos,-0.0019994948328528046
2471,types,-0.001990527818673466
135,than,-0.0019755887201260342
1724,stabbing,-0.001968966808660489
1272,broads,-0.0019685999229532643
419,sinking,-0.001966454513769873
1681,cat,-0.0019489608951867936
2401,sooo,-0.001943829416012219
2393,seeing,-0.0019197775473665869
235,gehad,-0.0019192477151299932
1950,fave,-0.0019173825330685767
652,,-0.001914623992493473
456,look,-0.001914528534715054
332,still,-0.0019004922811710497
1840,fallen,-0.0018745830783623706
536,please,-0.0018719546914628944
273,himself,-0.001868515791080195
2509,dam,-0.001855847044145717
675,girl,-0.001854722069450397
2441,dalam,-0.0018499778522836337
1611,frequent,-0.0018316191471827693
2143,nan,-0.0018280795468290252
459,b,-0.0018278217131335436
2465,automatic,-0.001816184748375557
2210,lying,-0.0017922200013253168
2671,da,-0.0017825346703213992
2150,va,-0.00175323081375316
868,w.,-0.0017513648527777322
741,thinking,-0.0017270430535310463
1433,nomore,-0.0016946276523939444
1322,request,-0.0016850240116484986
2565,driver,-0.0016666199853383205
650,â,-0.0016659839778520693
2802,bart,-0.0016627623616575866
1402,also,-0.0016613334587265351
775,avoiding,-0.001659793066757031
1332,hole,-0.00163334838132279
1919,issues,-0.0016287155352435194
2544,gettin,-0.0016166452751248611
973,thr,-0.001613103072024952
1448,dragging,-0.0016038239362977185
1444,yo,-0.0015935332719497904
1045,apt,-0.0015859410113759113
2306,script,-0.00158529830487847
2660,wife,-0.0015837312958808768
1292,themselves,-0.0015666207532014094
2301,troops,-0.0015613765540077186
778,el,-0.0015445683741708257
350,we,-0.0015186468719406202
1359,usually,-0.0015135302226972115
665,random,-0.0015065063867277602
2185,bill,-0.0015000223100878395
1310,nelson,-0.0014902276294972607
987,chocolade,-0.0014786763716636109
1525,men,-0.0014770299604929202
716,capable,-0.0014700745832029955
1653,gd,-0.0014695408794007925
1562,beard,-0.0014526325440532629
1005,left,-0.0014496012642438096
1826,click,-0.0014491348328785
304,oh,-0.001428760176551799
855,tv,-0.0014284754387382129
1082,roommates,-0.001404620301103918
2664,nuts,-0.0013929187416622745
2720,supported,-0.001392902470019215
1438,charlotte,-0.0013818776187697246
2758,sin,-0.0013700185545035685
219,believing,-0.0013187001400267566
2687,om,-0.0013174099308722452
567,much,-0.0013140277868780945
1732,oomf,-0.0013113604572536231
738,lover,-0.001306709117975143
2757,estat,-0.0013048678667804696
1578,carried,-0.0013014036773522386
1860,email,-0.0012995193607446898
1343,simulate,-0.0012928849699792243
933,f,-0.0012917100001478853
2204,website,-0.0012915611638426273
126,',-0.0012836595496477814
2783,browning,-0.0012834968039894465
537,remember,-0.001277741115117698
1068,someday,-0.001272969897352734
2547,totaled,-0.001265934745850511
728,pbs,-0.001240983334713796
1792,california,-0.001235602864747245
2515,rescue,-0.001218429189572992
1589,releases,-0.0012100735118489548
1478,addicted,-0.001207037910509805
568,or,-0.001202021357791541
334,yeahhh,-0.0011997771289842456
2768,appearing,-0.0011959627867082921
147,leads,-0.0011905126588877873
194,since,-0.0011653888344053708
2665,rid,-0.001155596209643887
2103,father,-0.0011520139243921086
1907,ranked,-0.0011148755968418038
808,|,-0.0011055349077392408
2189,photo,-0.001099289696946927
311,makes,-0.0010954812057597134
1931,rome,-0.0010905501726187856
801,net,-0.0010903507357570355
428,currently,-0.0010898565394160062
853,going,-0.0010880444781880215
1086,trying,-0.0010716136520797807
579,heb,-0.0010697402951366868
816,hem,-0.0010673953011744544
2281,lizards,-0.0010569214198678655
1613,add,-0.0010431236050429367
1022,souvenir,-0.0010312187410273807
2480,redeem,-0.0010159215378986333
365,them,-0.000995868750827697
1374,element,-0.0009853623518142692
489,try,-0.0009764923115326333
493,result,-0.0009742132116578608
1494,specific,-0.0009663944431517017
1081,move,-0.000966249614231903
301,being,-0.0009470909076060524
1667,feature,-0.0009397531025122513
1646,society,-0.000938503570478284
1054,reefer,-0.0009253675722794592
1428,loud,-0.0009108778445447078
265,(,-0.0009094868768945208
1698,remind,-0.0009026833395399418
1770,resides,-0.0008616279023161372
1007,soooo,-0.000860668195947677
1008,pretty,-0.0008588579179643898
2060,money,-0.0008400325014687489
861,leave,-0.0008106308756153191
128,face,-0.000807101067095621
97,:,-0.000805164130154448
2224,ns,-0.000776106402165655
2572,completely,-0.0007318812674533546
662,underwear,-0.0007281682731474841
2361,holding,-0.0007152623903890472
1024,soir,-0.0007065100437758887
2360,pasukan,-0.0006924631971284311
886,fl,-0.0006910239094774825
2637,impatience,-0.0006886241950665806
2276,animal,-0.0006734571565536607
1932,santos,-0.0006730857576577787
526,knight,-0.0006666367948405553
676,confession,-0.0006362231671606115
1280,moral,-0.0006261228305610884
705,game,-0.000624506443013199
1114,sink,-0.0006108432736416228
1737,bearing,-0.0006091616706139853
1524,brave,-0.0006016292283515589
611,emotionally,-0.0005996752665166266
113,women,-0.0005991024472528502
2494,blockbuster,-0.0005979903151632786
2673,sofia,-0.0005717157658389297
1739,vehicle,-0.0005649368511794839
1096,quite,-0.0005639314669240965
2349,screen,-0.0005632957729607883
164,walked,-0.0005609465156337268
1529,feels,-0.0005473045795685049
1679,mouse,-0.0005442004013264531
2789,married,-0.0005232441633250663
1858,online,-0.0005220517384328416
888,door,-0.0005197908917770537
2146,dans,-0.0005190606121237251
2387,awh,-0.000518334080038948
767,anywhere,-0.0005102440092617198
1537,choose,-0.0004861505050797218
2166,combo,-0.000465822518737905
1823,hs,-0.00045848120526270777
2421,truckers,-0.00045736688432505113
171,w,-0.0004552394660926059
1228,itself,-0.00044303489308040734
714,white,-0.00042950019315995106
644,big,-0.00042392189291322086
30,when,-0.0004229226125533225
2116,private,-0.00041845568196339816
1841,yet,-0.0004174933063557114
1729,norton,-0.0004162341211337469
270,rt,-0.0004115068469191613
2451,intentions,-0.00040305296307994656
2229,paris,-0.0004027474346781494
2463,cologne,-0.00039545221052247187
393,knutselen,-0.0003889164232176393
1630,novo,-0.00038613014429521883
2746,mash,-0.0003843380579577775
1405,tights,-0.0003725948021196497
1856,inspite,-0.00034791383989782543
2345,lotr,-0.0003453831540560078
1263,least,-0.00032420754893640086
108,gone,-0.0003192081867254428
2415,zero,-0.0003169406529368394
1138,plays,-0.0002999751704507921
1505,figure,-0.00029125970993322997
2363,delay,-0.0002887852263082554
2028,tweetin,-0.0002866092328610067
363,damned,-0.00028642103804240595
1166,device,-0.00028124568637079755
140,always,-0.0002761618716697689
2431,important,-0.0002716436043115909
2145,nez,-0.00026466249139123134
150,gets,-0.0002550909341072105
7,#,-0.00019912220903781937
2634,potato,-0.00019819882496404818
2217,fodder,-0.00019645405943678363
300,mind,-0.0001914725739381155
492,same,-0.00019078314364018152
2398,ina,-0.00018921713902467867
1844,keeps,-0.0001798248889235099
2755,azul,-0.000169180168826956
482,'m,-0.00016083699569466575
570,journalism,-0.00016059375307692303
703,link,-0.00015753861921556625
116,stop,-0.00014453701219729146
1277,lady,-0.0001353614351319543
992,restroom,-0.00013338451766032358
2049,bull-shit,-0.00013290109954550784
1868,human,-0.00013238867877432003
502,most,-0.00012899056367537447
1812,young,-0.00012298703910844404
1248,hot,-0.00012275559571736465
439,movie,-0.0001075948430997753
873,take,-0.00010552760010443196
2468,declaration,-8.665352138250038e-05
2305,curtain,-8.530920390064793e-05
2422,gain,-8.362991390091704e-05
1818,lager,-7.892730528482902e-05
693,such,-7.179322033330521e-05
1789,dragon,-1.629521708019564e-05
2034,2b,-4.688693924935576e-06
2424,e,-3.289609634547312e-06
364,cauliflower,3.1407949854855845e-06
1891,headliner,4.59167738440384e-06
2599,sooooooooooooo,6.9430973452335825e-06
1690,vela,2.199120976490406e-05
279,hardening,2.8098945343619785e-05
2428,pm,2.844167110523506e-05
2793,mine,3.635968374552249e-05
1065,stu,4.008196083925072e-05
1960,hoy,5.1784453448810995e-05
1645,bedrock,5.83368195263112e-05
1782,hat,7.838164133950424e-05
1069,cardboard,9.849278580046287e-05
743,version,9.979711736836316e-05
438,swan,0.00011820377440533454
2080,approved,0.00012575714534655927
1339,which,0.00013439697828467859
556,increase,0.0001398283815982985
1481,picture,0.00015118112633478878
2437,adalah,0.0001535592880556803
769,where,0.000181030483426845
1485,al,0.00020681747513324761
41,follow,0.00022285573901808205
1590,chemicals,0.00022616212515018367
2221,victoria,0.00023527805511676177
671,stand,0.00024371209036957924
1987,stefanie,0.00025064737516002837
392,van,0.00025597754934501154
202,gallup,0.0002786445615999317
1465,without,0.00028137093123800655
2160,l,0.00032721960127975733
2154,handshake,0.0003496350317376754
2609,replacement,0.0003514362757990434
451,miss,0.0003561127670465188
1898,whipped,0.0003730402483007689
190,vite,0.0003744904945551288
1538,pay,0.0003785941495511467
1921,alarm,0.00038450941206038907
2649,apart,0.00038507941774268786
1640,unexpected,0.0003902349558909398
1778,worthit,0.0004002161193261955
2461,matt,0.0004026356641981684
1222,chipotle,0.0004082396743204875
1276,pregnant,0.00041024121510381485
151,tough,0.00041296441091208445
443,imagination,0.0004243799540845979
2260,dad,0.00043813584062395123
64,watch,0.0004807033650169786
2307,amount,0.0004867480245526164
2524,ter,0.000487432624126735
2680,lil,0.0005017231774022871
1491,leaves,0.0005036091376318223
1441,sister,0.0005191897667369316
2211,aar,0.0005215709042295247
2368,bloody,0.0005241878954082233
1939,drakes,0.0005377249622819458
221,will,0.0005424484338728019
2114,staging,0.0005582631604031236
1676,enough,0.0005610308928331128
1975,relationship,0.0005631460989610145
1941,kick,0.0005684885442948983
912,lead,0.000568764575445602
2436,yang,0.0005701710972310784
926,duck,0.0005845227834313016
1708,deserve,0.0005872882961702309
31,go,0.0005897071809249501
1135,pa,0.0006030817624580017
843,others,0.0006050997184680573
173,h,0.0006276014440506615
2057,hits,0.0006313421235009099
1264,lived,0.0006441311154356949
1851,scene,0.0006545174314068395
2481,herself,0.0006548015397315358
267,about,0.00066142925961725
891,tickets,0.0006687002422368845
1741,unasked-for,0.0006736613431070019
1675,rate,0.0006770578930649658
1784,single,0.0006808380364897867
1480,horney,0.0007052902205792929
2138,advance,0.0007097049704340678
299,),0.0007304249625078037
2012,kindly,0.0007354630836175724
1685,ican,0.0007404331044789548
1220,spill,0.0007677569062457357
1607,check,0.0007722193939832468
661,instead,0.000779150057825159
356,inside,0.0007797931099908095
573,appearance,0.0007865361220731191
1539,price,0.0008163288502750836
2555,brittany,0.0008197131160701021
2625,uncles,0.0008560042266185958
598,toreros,0.0008600845616629434
276,one,0.0008629316259243014
2203,message,0.0008659417642695214
139,reports,0.0008696997935579706
2105,untie,0.0008718200406482216
341,putting,0.0008812907448522537
1867,gracie,0.0008847859692287539
328,solution,0.0008983416292343131
2343,french,0.0008992812460221713
546,tot,0.00089938085713034
1695,doin,0.0009079788113711101
1859,using,0.0009322148283136304
1532,mac,0.0009336936385986547
517,film,0.0009379147517997281
2131,dog,0.000946639639109256
296,amazingggg,0.0009623124510628412
1236,call,0.000963058224652742
1962,calc,0.0009736755040110105
1143,sincerely,0.0009762991173024005
123,am,0.000985847641713692
485,need,0.0010086240713515597
2118,logged,0.00101122408033765
1261,poor,0.0010133828665210532
806,management,0.0010187951441284258
1329,fly,0.0010515745194943414
1390,geweldige,0.0010593654178056681
283,right,0.0010656885578780536
850,candidature,0.001082893937419028
1550,other,0.0010970982003390077
2747,paso,0.0010993695300515372
1791,action,0.001101459333197458
975,doctrines,0.0011151340262108471
1035,come,0.001115166512267783
1383,starving,0.0011208472237566672
1479,sex,0.0011228625803700039
796,fingernails,0.001146816035263501
1075,unexpectedly,0.0011558475862177861
2674,walker,0.0011938531317310871
167,bank,0.0011940331833420503
295,an,0.0012087578200226626
264,me,0.0012158048290496402
2100,surprises,0.0012302145407904464
717,switch,0.0012340410327292015
2455,ng,0.0012413246092067814
2766,angst,0.0012533209834936427
234,party,0.0012648155719523705
2033,chance,0.0012686243745058468
391,hou,0.001271578351585382
1296,thirst,0.001272550972758459
713,red,0.0012779817295522572
1368,ce,0.0012784736596037549
1513,cats,0.0012789088450022989
1063,dvd,0.0012875969296650158
474,as,0.0012952696943089306
114,mouth,0.0012990169403829307
1002,kissing,0.0013023747933672684
1271,those,0.0013028177338828835
429,ordering,0.0013160684938718656
1848,few,0.001316168726684631
124,keep,0.0013257685025274456
2608,waited,0.0013259016662397535
2546,non-driver,0.0013278387988922816
1464,courage,0.0013316429093051232
1181,werk,0.0013403299589466184
1167,tweeting,0.0013501761281468532
1499,language,0.0013509684792540133
2578,rec,0.0013545291593650677
2432,lo,0.0013655974735122093
782,batalla,0.0013899410404616104
2412,hello,0.0013985461387038996
684,et,0.0013987017022335149
1489,leaving,0.0014131664174793649
369,phone,0.0014154768856023336
1335,arguments,0.001417175062841099
62,wish,0.00142144367836347
2053,difference,0.0014263424745927574
591,eatin,0.0014300111662242224
88,%,0.0014320014267010476
528,prologue,0.0014376283786396533
2656,dx,0.0014802491345033738
1159,paying,0.0014837997134611698
1349,very,0.0014880103688735666
746,find,0.0015029717874833353
1318,auburn,0.001531106505380709
1946,included,0.0015408201984863856
2529,mirror,0.0015578077636360444
1493,talking,0.0015627501450290438
1804,commercial,0.0015654321053040917
988,letter,0.0015708564756006756
1372,shoes,0.0015758494751723859
2556,parents,0.0015872889395024854
2269,pee,0.0015921119096147386
2770,earlier,0.0015961614762378129
2128,drops,0.0015987222926893067
137,bbc,0.0016039451268717907
104,less,0.0016063580076154172
2449,toutes,0.0016063681286098313
2682,alma,0.0016182329207355753
1548,den,0.0016240081933177886
668,choices,0.0016320746001777147
773,shared,0.0016362045486246484
1968,clear,0.0016471567896288134
1314,slow,0.001662687210992837
1422,properly,0.0016628275944942394
659,large,0.001669310467439808
256,make,0.0016771354886513045
92,by,0.001705240341137737
822,.....,0.0017065444979486137
2611,beats,0.0017131610692317485
2065,emotions,0.0017319677143983888
1098,whatsapp,0.0017384380152117274
2078,debating,0.001742482889955195
1801,0,0.0017506120591386713
2242,latest,0.00175720852431768
2120,cms,0.0017688997026413763
109,way,0.0018004496300180342
715,blue,0.0018165312510207087
180,customer,0.0018239235925508882
55,ta,0.0018291782639948447
1365,tested,0.0018303394604442037
1203,many,0.0018351350355072281
1701,apply,0.0018440169412478106
803,klaar,0.001861486685349334
1336,based,0.0018960059290594033
1820,teenage,0.0019024215648789874
837,listened,0.001917027793977281
1265,c,0.0019182064491778778
2691,announce,0.0019185555641150539
25,so,0.0019388904394300876
1193,mess,0.0019406092359215124
2040,nightmare,0.0019419169476678877
1212,z,0.0019686355306535288
646,deeply,0.001973158188932862
770,;,0.001981950297996997
1767,quickly,0.001984872736470694
259,ground,0.0019889784433524274
2071,needs,0.001998908552991965
294,live,0.0020045544027506097
2148,encore,0.002005551772769163
1313,everybody,0.00204604948093738
119,this,0.00205515286914276
788,awe,0.0020604626190420285
1089,bull,0.0020627212920841967
1964,talk,0.002077500884792233
664,undies,0.0021006873399078987
306,teeth,0.0021035030100663176
2505,born,0.0021196784263012645
1468,launch,0.0021255111620516773
1466,outcome,0.0021313222612031747
784,freezing,0.0021463542467306477
470,gives,0.002148710107811709
1533,iphone,0.0021543749532898513
313,noise,0.002161992223971349
1670,hw,0.0021624473613809183
960,ver,0.002175736035980701
1634,esperar,0.0021841821134854127
357,-,0.0021862511360689328
17,...,0.0021997083186326752
154,its,0.002243057737441568
2495,trade,0.002246273411477402
1834,establishments,0.00226099842937249
168,n,0.002275295368680205
2027,sub,0.00228531776045735
2512,jump,0.002288006725614801
1234,forever,0.0022890482660871893
2195,trunk,0.002309884690560796
682,mes,0.002325859406238169
1677,talks,0.002329112544653801
1766,tax,0.002332580644700748
1622,09,0.002333032223648369
730,'ll,0.0023362978347785225
2642,carry,0.002340982356313094
1545,bailey,0.0023629872898597425
2311,number,0.0023726473028795277
1043,knowing,0.0023760048688815385
1838,-this,0.002377727442342743
1119,ultimate,0.0023857181782822004
457,eyes,0.002409984444632646
225,different,0.0024109990007053
2353,winning,0.0024177648336131882
942,wrestling,0.0024252275643845637
845,future,0.0024271622212172464
1842,alone,0.002438679280911722
1821,psychology,0.0024392664420594223
133,god,0.0024402974661365895
582,m,0.00245247225997971
314,....,0.002458508672264915
1577,playin,0.0024650963964806265
810,druk,0.0025236681929166785
201,according,0.002528189145143546
1605,mailboxes,0.0025490389728643164
681,avec,0.0025533975371968584
450,especially,0.0025634621737887966
100,",",0.0025757456371344953
1116,2night,0.0025809291800829477
1395,below,0.002588586480685958
2623,smelll,0.002590717136280503
1760,toe,0.0026126993876535885
558,postpone,0.002624035366101641
1829,team,0.0026242693272118802
1691,scored,0.0026425228311480176
389,creatief,0.002647353977761855
2571,quotes,0.002661612727541195
1437,part,0.0026849369246584633
991,flush,0.0027152631300913638
1058,then,0.0027272665512827116
1885,talented,0.002732385215926397
690,sã,0.0027378231466218227
1290,box,0.0027434055555248045
44,give,0.002762937474016058
155,hard,0.0027752901253371974
1062,episodes,0.0027798170139415068
2289,conduct,0.002785800645368193
2719,eats,0.002809748063851063
905,fleet,0.0028120299638842695
2502,fee,0.0028180771753731474
647,hear,0.0028229957345702467
950,relatives,0.002829858008807337
1911,/,0.0028419482642297773
22,us,0.0028473640444435944
2497,dear,0.0028499629646249127
75,cousins,0.002855427915704359
914,mailbox,0.002876449609205668
2624,.......,0.0028806820253265623
754,these,0.00288421626750687
2153,wrenching,0.0028900413370904978
613,>,0.0029170040232797045
2605,reach,0.002917220989322363
1631,nosso,0.002925838495852237
587,makin,0.0029320260880686053
2527,entier,0.0029402737092512087
889,step,0.0029684168851129805
2713,messy,0.002969593914479834
2557,stuff,0.0029722925770368637
252,voice,0.002973495298915577
461,deep,0.0029742643500403265
983,mega,0.002975913356126257
1357,some,0.003001481052127974
1403,officially,0.003003918006979422
2426,empty,0.003013956363337829
1118,pbj,0.003029400560173643
1237,bout,0.0030360259776782386
633,eye,0.0030401008500442177
1260,syd,0.0030435020079833163
1998,favorite,0.0030435887909195805
1725,husband,0.0030593272542195284
619,her,0.003073767184639413
2207,tab,0.0030776669769994984
2136,hippie,0.00307889807071022
670,ca,0.0030884400680783607
689,bien,0.0030935421789204795
2499,enter,0.003096126721030869
594,las,0.003108236680679221
1281,story,0.003110650226553561
434,get,0.003112251911884684
1178,here,0.0031399515331183687
338,boxset,0.003151445419607383
1555,past,0.0031569935289196137
163,away,0.0031701534129144012
774,everywhere,0.003172551909302552
2325,loveyou,0.0031729841010075966
1870,dagje,0.0031822040249459044
404,street,0.0032315407269757337
901,kelli,0.0032669900939434403
1809,closed,0.003271360919945226
1275,kicking,0.003292321256924389
2641,cadeaux,0.0033111986080461005
413,son,0.003341807651497907
106,fighting,0.0033581433815376284
1503,museum,0.0033615375167098107
1657,specially,0.003364271407973561
1192,boy,0.003392661409346324
1484,2011,0.0034277373056557114
2347,cash,0.0034362740881639636
2084,$,0.003443787246811536
1552,once,0.003444748632200205
2155,finger,0.0034490684607035673
1688,read,0.003461493004341962
515,ill,0.0034686594434651954
2082,credit,0.003470844584591542
632,his,0.003477902837938987
506,super,0.0034802997655394184
1716,trousers,0.0034848573692635534
1843,heat,0.0034888980253250535
14,from,0.003491720751325035
245,ice,0.003493308847928369
2704,whatever,0.003498870855872618
1221,leftover,0.0035053928493920623
1787,bored,0.0035090276965636393
2295,heads,0.0035096756858283987
2367,decreasing,0.0035167773723947747
2337,sounds,0.0035301704207935007
2748,mother,0.0035369096646106404
1669,worth,0.003537147459801056
1892,another,0.003538384512754889
1288,bar,0.0035524596223255765
906,irish,0.0035612878306834307
435,their,0.0035673515206490927
697,watching,0.00356782457881384
1286,comes,0.0035713618905167475
1224,dogs,0.003579175468984399
2402,alive,0.0036018862513496996
1352,nd,0.0036123580696393307
2532,rolos,0.0036170849427499306
509,<,0.0036532293159243466
1749,spiral,0.003664917452853477
2112,interview,0.003669331136769139
2581,fructose,0.0036704680188997057
1952,store,0.003672205580219061
1077,amounts,0.0036739174394996034
342,'the,0.0036800011806016686
1903,guest,0.0037044206379134316
2587,bag,0.0037105972114531466
791,post,0.003714936299727595
1909,granny,0.0037252011838673437
2416,channeling,0.0037279552132901935
2420,trucks,0.00373135623061792
2614,poo,0.0037431450182708733
2090,fish,0.0037699060780755898
2438,apa,0.0037716791483622006
683,enfants,0.0037728976114278084
348,run,0.0038073588635377177
701,stunning,0.0038221315717665108
877,battle,0.0038258527854790575
1819,pizza,0.0038300576512407887
1668,site,0.003839463955182674
2382,greatest,0.003839539923212308
990,toilet,0.003847051244313046
1893,band,0.003862233919735201
2498,contests,0.003867527298989827
2188,group,0.0038691254813596624
183,prie,0.0038777975195375225
212,kidneys,0.0038989963331339957
228,out,0.0039007620569065046
2459,mo,0.003911387634130496
2663,scratch,0.003916014477841402
48,first,0.003926284709453164
2035,fathers,0.003927804826912656
1323,nonfat,0.003932828887759678
1899,yum,0.003948486673129336
2247,express,0.003950026657960667
590,......,0.0039500964722777735
2068,studied,0.0039518298836571306
2784,dream,0.003992262058325592
326,turn,0.003997951605087188
166,a,0.004002518258676367
1629,para,0.0040051135016227445
1487,nephew,0.004061177669293439
1445,denim,0.004079791044052468
2259,voices,0.004093919207287087
772,outside,0.004095490453274667
1120,adult,0.004103018410474132
998,heerlijk,0.00411046511838146
1890,double,0.004141954565293882
2227,petit,0.004147920117133156
2742,awesome,0.004173311614182291
2235,almost,0.004176923324648601
2636,cooked,0.004198337038649482
1256,funeral,0.004231453755586169
763,news,0.004232861531302193
2091,tail,0.004245808202236486
1311,receiver,0.004256758691193898
2576,care,0.0042641403135541016
248,jasper,0.00426661844206028
2101,vibe,0.004270930580306494
1472,turns,0.00430596880423433
1740,sound,0.004375269951577229
1625,bom,0.004382967233603863
172,mrs,0.0043902235588067695
2011,begging,0.004392958558702518
1802,toungue,0.004399912582910975
2157,yellow,0.004437597487030955
1302,encourage,0.0044642295994675955
1140,power,0.004472554296472118
1991,history,0.004484235058347716
271,old,0.004485505990634513
2139,dish,0.004486185986825902
379,items,0.004521915402970253
1620,competition,0.004524402141274607
2631,build,0.004532721608991263
2613,whispering,0.0045525333437239105
1211,washroom,0.004556124021713492
959,y,0.004582326097623488
952,reunion,0.004585439472630646
203,nationwide,0.004641270334875652
1993,clothing,0.004641627069004035
603,order,0.004646727668943584
1149,before,0.004666511912165693
1406,-a,0.004673953311829854
1587,snot,0.004724987880808781
2460,daddy,0.0047352984840455265
654,mom,0.004739501598074097
2519,cure,0.004740818625473089
2268,place,0.004745704415836974
1718,headed,0.00476329091738203
149,now,0.004765266733457224
2043,tension,0.0047668684690707844
1650,country,0.004770423115137809
525,dark,0.004789981595060783
2021,button,0.004791492678991621
1659,hopes,0.004800283561809834
2414,coke,0.004816088911950052
1544,princess,0.004841528149842912
864,burning,0.004847409423213426
588,pea,0.0048474442010051225
955,estar,0.004886294736403302
2483,cor,0.004909460049165859
736,rollin,0.004913198568453734
79,marriage,0.004916630136809182
1113,available,0.004935371571990007
1584,walkin,0.004941570940113214
2199,better,0.004948443295259722
2169,warfare,0.004949484907603775
2430,commercials,0.004961718249600476
739,arms,0.004964867658561511
484,feel,0.004972016037450737
1895,togo,0.004991127248620635
1773,soho,0.005000097681785613
343,line,0.005018775665563602
1726,cutting,0.005037092599186281
1259,shaking,0.005045743454665325
1984,easy,0.005045868366459787
1454,fire,0.00505510657084541
2083,card,0.005059199729339689
2156,nails,0.005062548492715062
723,couple,0.0050646443044966615
229,last,0.005078460012585594
321,standing,0.005082104444663135
900,hair,0.00508476066720916
105,bum,0.005084790818539774
932,grief,0.005087787276581236
656,state,0.005107897833478991
2397,natural,0.0051119420064087906
211,doctors,0.005124098410789174
958,volumen,0.005133113870915879
1951,inbox,0.005169582880257629
2067,devon,0.005197480457620429
1427,piece,0.005229762257731023
1099,niece,0.005235506507337292
1624,foi,0.005245840538759391
1345,exterior,0.005262977436657174
825,pictures,0.005267857714909866
2122,front-end,0.005284492436367654
2560,depressed,0.00528798485754823
1351,wit,0.0053062256233935776
182,*,0.005310751116029388
146,mixed,0.0053196208032858135
16,machines,0.005319634040162979
527,rises,0.005333672917500344
1353,moody,0.005340229625754377
2214,dreams,0.005341582901985399
319,heavy,0.005347306835833993
878,words,0.005397231635613103
2419,arrived,0.005422137147682399
102,yesterday,0.005423033831580401
2773,mary,0.005423605095175028
851,2012,0.005426390682827542
2119,back-end,0.005431548402216419
32,to,0.005455850072020758
1247,pup,0.005460661054545622
2585,planned,0.005494813389328172
1534,app,0.0055142165908884525
2193,dc,0.005518531133561454
2317,waxahachie,0.005521555307657123
1712,beside,0.005524526069368379
2141,conversation,0.0055263476425064925
1793,blood,0.005529483642127194
962,chica,0.0055523857328567405
1157,play,0.005553409529776744
141,best,0.005577673436272178
1764,postage,0.005578788782733692
612,overwhelmed,0.00558563620608036
842,sacrificed,0.005589948977435479
2496,sleeve,0.005590315309076949
1092,bit,0.005596806005866393
1508,d.c,0.0056004701430138895
1055,proper,0.005603055109045283
2158,horn,0.005611198150220117
57,more,0.005619128271972698
1800,moment,0.0056262792370707585
1257,cry,0.005654785762119417
1971,sets,0.0056650293295130464
421,myself,0.00569939984817608
718,getting,0.005704850536225631
649,ways,0.0057093467904584146
1160,attention,0.005711192166921677
95,nice,0.0057254064316249785
1488,both,0.005766928056693257
2380,reaching,0.005784659303091478
615,mrs.,0.00578605750364877
1850,imagining,0.005786632213870362
486,open,0.005792088038141371
2377,product,0.0057945738543674265
764,coming,0.005837058955431543
27,.,0.005865709206468397
928,taking,0.005890593598353851
939,flood,0.005890703279160506
2183,lazy,0.005904090996477717
159,close,0.0059115550460453106
2182,basement,0.0059607874824477184
852,formal,0.005966145178555015
2538,retired,0.005967854816743047
1798,tap,0.005973307164205094
709,car,0.0059744771301469156
1750,staircase,0.005979220559718228
2036,child,0.005999815603453485
1125,babys,0.006011606580358948
787,wheelchair,0.006014788566527558
902,longer,0.0060147988025008505
2000,p,0.006021118677194105
2017,pieces,0.006028549190188092
2681,broad,0.006039788868384745
1331,crawl,0.006043688340557905
1397,opera,0.006058375703612423
1704,ending,0.006067071948694588
1651,fall,0.0060764267181132
2610,delivered,0.006077139780352321
1610,karma,0.006081591165528727
1346,environments,0.006086879775332081
1933,album,0.006093865934691632
2168,morden,0.006106487739746829
2457,baguio,0.006131506595738741
2511,speed,0.006133070870121798
2413,consumed,0.006144991711956552
204,support,0.006157040063984742
640,sum,0.0061628952544495585
1637,proud,0.006194347486894773
2275,hoping,0.006197849685052889
740,started,0.0062135589965700904
1067,reformat,0.006220785864482894
1914,puppy,0.006251102778713046
1106,hand,0.006307466276251534
220,things,0.006316690369853926
1073,goodbye,0.006347921057709857
828,peoples,0.006351615314668552
103,love,0.006360071950028479
1642,lives,0.006368315961155706
481,plans,0.0063899046905967
1426,=,0.006392987206217843
323,shoulder,0.006418667922458521
2383,remedy,0.0064232003987981815
907,pub,0.006444917246186632
927,huntin,0.006451628557818881
2516,animals,0.006500762655710077
1201,wishes,0.0065068453124384525
403,down,0.006511127014520264
1459,cheerleading,0.006516907064411791
355,little,0.006519468864559707
120,mall,0.006530500112413414
1970,confidence,0.0065335230710740705
2336,discover,0.006548754854714774
310,machine,0.006554055689464199
1147,able,0.006571006188862049
215,ahhh,0.0066439127840739924
1059,eat,0.00664450069318935
989,pen,0.006673164154313686
423,skip,0.006680606067136566
1888,games,0.0066860455195858716
1413,faith,0.006702198007580628
47,the,0.006715846475808754
768,near,0.006725611412381929
631,straight,0.006731244833549887
1066,drive,0.006731489177492704
829,houses,0.0067327664150169785
2357,papa,0.006733829112053333
2102,guests,0.006738271194361775
1710,success,0.006742179565656929
1209,vodka,0.006743954385192887
1452,sports,0.006747380642172165
1432,pain,0.006748868015090843
2241,gas,0.006750663943694504
1337,offer,0.0067526169219709
700,classic,0.006768833679533976
1289,colors,0.006806097433089755
218,yourself,0.006813517296038156
291,artists,0.0068225327767014905
2366,social,0.006855559191339943
498,babe,0.0068593378536617455
666,hungry,0.006869016495224864
2298,tam,0.006871049685900805
1462,stay,0.006876280953926847
1680,staying,0.006886265730747448
1551,hang,0.006925186697667314
422,front,0.006939054997009528
226,set,0.006940916953917345
2652,mini,0.006946955317369777
2643,bookbag,0.006969137409293785
1004,well,0.006969926137801735
427,stage,0.0069737699135733544
1341,variety,0.006979241202698218
824,wake,0.00698177412666233
874,everything,0.006989990431100354
2647,weimar,0.006990865855337983
298,everyone,0.00700630110217069
1110,thanks,0.007006341115520209
1940,performance,0.007006757004867679
1978,acim,0.007006869753165006
1355,help,0.007008517920068164
2272,lit,0.007022803505829396
2334,robin,0.007026517205170737
87,99,0.00703485414068491
2750,pop,0.007040738216057945
258,pile,0.007057676392285613
923,drama,0.007063226667686752
1150,crying,0.007077157373970616
575,girls,0.007124762620776697
241,off,0.0071405357924188275
1300,passing,0.007142790998730899
1268,student,0.007144456616690533
2390,unit,0.007154732304781437
1896,covered,0.007191644195130249
1833,glad,0.007218427517678796
162,pass,0.007224084690324049
244,cake,0.007237401387749376
2618,moms,0.007260336293353458
2013,prepared,0.007263443284398994
293,city,0.007298165847033798
2274,bathroom,0.007319803608500664
609,having,0.007324743612891851
1393,neighbours,0.007350085591610327
505,turning,0.007357788627926339
1052,3-d,0.007363951801274854
1258,body,0.007366759803564395
976,helps,0.007397235312210557
46,on,0.007421670937132522
830,jumping,0.007439685965672213
464,football,0.0074633191749712505
178,staff,0.007465465103300796
2464,smell,0.00746887933983432
2063,bottles,0.00748034217395257
2047,religious,0.007516449636389311
2723,basis,0.007521207055221536
2717,19,0.007522043651317622
405,knee,0.0075255199332922105
572,making,0.007547326430720188
727,tribute,0.007556151461090502
503,level,0.0075685437236721765
1568,kit,0.007580784788394366
2319,goal,0.007582051346378139
224,in,0.007607685568609399
1727,parts,0.007621998538139796
593,beer,0.007623338321224485
1219,17,0.007640874630743823
2233,returned,0.00765216621491156
1185,18,0.007688529734514041
440,hands,0.0076919289525768
2607,stars,0.007704223855051215
2570,subway,0.007741867299084404
483,cold,0.0077496988095061385
1076,mass,0.00775789718293496
170,greeted,0.00775797960589432
491,chemistry,0.007783969922326372
2228,attend,0.007789634915322801
2032,bring,0.007826847355558613
1567,drum,0.00783157993346708
2277,kingdom,0.007834208973526872
2388,legs,0.007868283631120502
368,your,0.007897011950673424
2531,pack,0.007912223633500312
1326,coach,0.007934874045463027
2127,overnight,0.007936386551600168
165,into,0.007950989241492528
2181,sigh,0.007968110046493273
436,candy,0.007993863377083622
1225,memory,0.008016438768605513
1170,text,0.008019455214596842
2005,plan,0.008029160967036647
1401,later,0.008037683427127788
2501,entry,0.008053941647834
94,dressed,0.008055186465600652
1719,tuned,0.008057576606397748
2702,translation,0.0080640259751395
1411,bible,0.00807253025590909
371,world,0.008121775360084611
748,lake,0.008148039753965523
1828,basketball,0.008148769219728264
1983,hotel,0.008163298664597654
2192,meet,0.008177162511470343
2508,pebbles,0.008178035762204498
2201,lucky,0.008189160546730436
1046,window,0.008189182313223426
2520,stairs,0.00818990951675957
1598,1,0.008191517229291352
89,of,0.008200501112067165
52,!,0.00820607049495331
979,blasting,0.00822270386099663
1560,november,0.008233414435590568
1944,4.5,0.008237897941043303
1815,east,0.008255733240810238
349,anytime,0.008280375213450942
1866,paper,0.008285851124298391
2096,itunes,0.00833571147871657
2041,congratulations,0.008350085695116896
2539,active,0.008394167037961942
1305,following,0.008401923597553344
1918,retriever,0.008428625255130434
2722,regular,0.008442437547972078
620,room,0.008442872992338231
1593,boost,0.00846781839528294
352,doing,0.008471460652570616
2206,under,0.008485899147459796
65,throne,0.008502398261479784
2780,scent,0.008518809871354782
2787,modeling,0.008550163208359584
557,wait,0.008550299055945055
1744,glasses,0.008552525406021215
2443,ollies,0.008556311603612431
257,top,0.008558816923573496
2085,500,0.008621297159009033
1270,town,0.008631931451929017
1461,hope,0.008688563072445761
2095,worked,0.008689438068728341
1421,connect,0.008722519390323978
1742,update,0.008741209461018631
1210,while,0.008769952949323326
1020,educ,0.008787563095313146
720,mas,0.008803082276421712
1510,baby,0.008830450693899287
827,running,0.00883701574784435
153,again,0.008849679215567825
1559,shave,0.008868633787033927
1095,works,0.008870111846637234
176,1st,0.008897764031237546
66,concert,0.008936773365685486
463,college,0.00893783780049608
2159,plates,0.008956565103086692
1961,pre,0.008987244691850657
2781,cherry,0.00900191658756949
2729,solo,0.009004250108394955
1889,gig,0.009005110454052764
1245,cupcakes,0.009024652574575345
1926,age,0.009033888484100848
729,tonite,0.00904734901802744
968,o,0.009072702063467723
494,test,0.009073652349176663
562,moving,0.009074070575281352
2714,astral,0.00907683906436993
2753,vida,0.009090829623113732
227,clothes,0.009097324937522517
2178,eve,0.00909744419568838
2467,treatment,0.00911093181065485
2582,corn,0.009121914381428705
2364,soon,0.009133851064646698
2535,grant,0.009148798836605972
277,softness,0.00918806181300494
1935,log,0.00919523828041923
1810,13,0.009195416777843468
337,friends,0.009204048578068613
1871,north,0.009214250839391541
1996,dec,0.009223393557603609
142,sky,0.009240458269095291
1928,master,0.009244990713479874
1827,central,0.009245934790201383
2724,somethingnew,0.009262244374071766
223,woke,0.009267895210464073
752,sick,0.009268594223822127
1418,two,0.009274897572745931
71,26,0.009285836425202303
242,my,0.009292878241871444
2089,babes,0.009299698568546347
1252,amazing,0.009304149426375228
838,after,0.009326970248798446
1500,passion,0.009327661116818122
2635,greens,0.009340980273711469
1790,return,0.00934353797186648
1419,computers,0.009360812822923531
2300,cruise,0.00938375918495679
1617,join,0.009405723487544744
2290,background,0.009422161906349832
189,plus,0.009424459575814238
2341,unfold,0.009443369545339473
2622,whole,0.00945166012545117
2760,total,0.009485970712491937
1447,science,0.009489527411979696
1924,50,0.009506491916083073
589,salad,0.009510893194913229
1703,childhood,0.009518487500536698
2064,bottling,0.009525794180293437
2283,bees,0.009533856840890783
347,long,0.009543028075539079
2062,popping,0.009560621210618622
1965,late,0.009578547187742776
2130,wet,0.009613008866787641
1588,nose,0.009618788179417824
722,sometime,0.009637129141445207
1342,surfaces,0.00965398389114543
924,wishin,0.009673633829656518
1294,worker,0.009683281352268052
1601,prelim,0.009693250078643124
2121,opening,0.009736831899202396
336,half,0.009745099649295336
2076,50th,0.009746841929026497
2638,noel,0.00975023878677909
1734,space,0.009758860614160434
344,head,0.009773453063676787
508,back,0.009775238127131339
11,every,0.009779641678375672
2718,yearold,0.009822038600889508
758,amen,0.009836685101578
188,arrive,0.009898044388838371
1527,finally,0.009903371789645928
785,kids,0.009929969927293112
1090,high,0.009962115926987805
282,good,0.009974696492341867
377,special,0.010063769670668491
1635,developing,0.010092555878071362
1033,lighter,0.010100031507575666
1916,lab,0.010100335389586193
187,bus,0.010102344296082559
2517,sorrowful,0.01010284439286289
2776,receive,0.01011050434278411
1163,bye,0.01011210009357503
1139,field,0.010131742095704267
2256,babies,0.010132181522223614
380,giving,0.010139716724395627
712,thoughts,0.010145849425081569
1805,welcome,0.010188761317729634
45,up,0.01019276228135332
995,pasta,0.010242580214916076
802,80,0.010247927693439882
1091,usual,0.010270245953643252
1017,badminton,0.010310150269507
719,x,0.010317074102477636
290,2,0.010350361034445447
2092,braid,0.010425230996978894
1242,hoop,0.010432362454241107
2134,coverage,0.010438697040444346
1614,52,0.010443827484985487
2180,germs,0.010461687003748
1369,samedi,0.010468660733651314
1168,program,0.01047086541797826
2115,environment,0.010475565095417054
1207,water,0.010478354965009401
1797,sleepin,0.010500895394993028
130,new,0.010509420152590956
1469,tests,0.010524879836263377
804,morgen,0.01052811534839794
946,surgery,0.010568942823126884
500,barber,0.010569723747809618
1416,goals,0.010578783389964966
2284,pantin,0.010591041580807039
292,radio,0.010633511707356295
444,anticipating,0.010638277324937067
1053,smells,0.01064593729953818
1377,district,0.010671200671625141
637,area,0.010726047121717168
2536,hill,0.010747808809291558
2038,kneel,0.010761708443516566
1915,preferably,0.010762839029395094
2270,seat,0.0107700530699484
447,tonight,0.01077225531276077
610,ideas,0.010773550485080783
288,all,0.010807688326547436
1254,song,0.010819461153370902
2621,rum,0.010894052922167819
918,sinterklaas,0.0109142516510003
2205,listen,0.010938987046744023
1048,entire,0.01094230849156826
1474,green,0.010958499644016594
1553,sadness,0.010970530471455122
345,cross,0.010975376430323772
184,pour,0.01098192440278289
37,and,0.010986480234231205
1278,downtown,0.010996425519001077
1358,crackers,0.0110341436610771
1423,lifetime,0.011049091694159437
1262,froggy,0.011066993796544184
1763,+,0.011078110419774054
1580,charger,0.011086123164466928
122,at,0.01109489262355835
721,present,0.01111155172348438
2477,coat,0.011121876489821811
2763,tears,0.011168346914701525
449,great,0.011172782991737644
1531,rich,0.011184492662439396
281,feeling,0.011220337295163665
2165,faire,0.011226311112026172
372,until,0.01123414729740501
1728,curl,0.011235409040665762
2553,helpin,0.0112486080593767
1989,wrk,0.011265649577581171
1299,20,0.011283975686409814
278,heart,0.011284410247349124
1362,years,0.011284793146251486
1142,chat,0.011333531043584678
1825,functions,0.01133865552001043
2548,texts,0.011340897037672132
2024,âœ,0.011349179040643288
518,11,0.011369683381352837
592,diciembre,0.011398203309081409
425,bargaining,0.011459089280595695
2500,25,0.01148286423986013
753,hearing,0.011520816947555777
1592,ahead,0.01155733142933358
2018,24,0.01157186939917876
1144,over,0.011587440879563263
1074,farewell,0.0115908687591049
1619,students,0.011621152260343158
2123,connections,0.011624489673243558
2552,final,0.011640632274317605
507,moon,0.011657376170455095
1132,done,0.01166733606304993
426,depression,0.01167640606043144
2265,load,0.011681935684150447
1006,book,0.011693779283524296
2778,january,0.011723377077619002
2697,skis,0.011726005448201517
2234,train,0.011727355725818294
565,mama,0.011728372022311764
1037,laughing,0.011730338736296801
1200,independence,0.011758771506258493
381,our,0.011782311039730015
776,freebie,0.011801481868897408
1748,anthem,0.011804800809751796
1542,stretch,0.011838985450526621
287,covering,0.011870940272956232
2782,cough,0.01188772775271926
529,december,0.011909031571286187
2615,ear,0.011912598202379306
1434,gridlock,0.011928602216560738
1502,wax,0.01195319404464725
214,lecture,0.011991281242011056
1317,baristas,0.012023335577056609
1477,sainsburys,0.012026077891488516
645,boys,0.01202957609240413
370,end,0.012046542536348936
1094,road,0.012050088535879529
2567,til,0.012065056176037911
1929,mala,0.012076237002773323
59,for,0.012098941328892734
1595,thru,0.012109217312655926
2667,fam,0.012114622439315164
2595,walk,0.012116402738878778
2240,across,0.012138700219148249
2250,rewriting,0.012153577975674967
2339,soul,0.012165513168955469
1565,keyboard,0.012191698597769985
373,next,0.012219892917560479
2406,brings,0.012230757985223122
2670,mid,0.012247054883015456
1319,starbucks,0.012279561242699138
1902,perform,0.012288596645686208
2340,pages,0.012298653814691104
1717,books,0.012298676433292369
1117,lamb,0.012370479683245316
15,vending,0.012372684023005575
1340,provides,0.012408435815154589
510,3,0.01242796557495843
2666,misery,0.0124325154157534
862,luck,0.012437841461499245
1694,visit,0.01244131388587354
993,wash,0.012449221186790326
2444,months,0.012460711633224467
2405,windswept,0.01247368717024853
1855,freedom,0.012482260613738203
2695,forecast,0.012490110860995895
402,walking,0.012499414548844052
1564,blend,0.012508816458723957
1145,15,0.012517169822931025
1746,paradise,0.012531130908480797
1696,dew,0.012536392845879978
145,sorrow,0.012547568130406637
534,excited,0.012566882404859555
1747,memories,0.012571333189856407
237,job,0.01265787733889645
1324,milk,0.012672870868758285
2394,perfect,0.012673520231932838
699,100th,0.012688976818929644
2715,project,0.012691508244742512
307,&,0.012709017373471243
1666,rolling,0.012709110486114011
1056,grammar,0.012711367481338658
1049,theatre,0.012757411872325585
2429,producing,0.012798146444295465
2197,smalls,0.012803211369218035
2285,chez,0.012838671833586966
2126,laptop,0.012860385850593665
1251,waiting,0.012882621894584088
1457,holyspirit,0.012888371115626145
2409,middle,0.012896615971428271
1298,9,0.012919519346040171
2107,nuzzle,0.01293227857131179
1439,mums,0.012947183190687554
1412,living,0.012957085431388493
246,cream,0.012963215460019674
96,today,0.012967446036843073
1449,lesson,0.0130238490814767
2510,needy,0.013031357728383364
1853,break,0.013071330474908454
196,tired,0.013092328259642889
2598,sitting,0.013103432210664167
1597,starts,0.013155949539583895
2184,feet,0.013193984592151476
2313,strength,0.013200445535935152
2355,rumah,0.013206385660178472
1122,sweet,0.013220825180989628
908,food,0.013240983286590275
1375,pause,0.013262291480795796
1470,three,0.013275355320951915
595,4,0.01327847371369902
839,mins,0.013313174147960894
112,with,0.013345735198945708
2651,times,0.013345970144050418
478,essay,0.013354434698329391
2407,roof,0.013355455036123474
1803,100,0.013387274264061869
1546,flowers,0.013403034984789702
2374,myhouse,0.013502853609828952
1295,planner,0.01353904194871502
1953,comfy,0.013547835882297299
1072,house,0.01359455146786568
487,windows,0.013639270281309143
2583,syrup,0.013660882000654956
1745,1-2,0.013719057002614431
1381,birth,0.013731141246797082
376,5,0.013741383117941123
473,training,0.013749003590320354
2312,focus,0.013780768293692847
1949,honey,0.013798497353945078
1808,shop,0.013845907850755056
1969,focused,0.013858698845718335
305,wisdom,0.013882181155531808
469,drink,0.013930516016181614
869,inspring,0.01400191277601296
2423,experience,0.014005171279724645
1817,trek,0.014066695355024411
2775,12,0.014076290451964268
2069,ochem,0.014089904714545081
2507,fruity,0.01412865803920333
618,clean,0.014167403525608557
596,p.m.,0.014220881619705764
781,campo,0.014222744907203528
2253,observing,0.014283041115579067
1967,procrastinate,0.014290362766972254
1585,around,0.014329257644067894
2619,starting,0.014336824130994229
9,10,0.014341733481180723
121,packed,0.014369804014758465
867,along,0.01445347308281389
1361,6,0.014493507726867947
601,extra,0.014507245954550649
346,free,0.014548207531719669
545,21.00,0.014570203980484609
2344,teachers,0.014576923272547783
2190,graduation,0.014603299635468563
2231,poem,0.014629307329370391
284,2am,0.014639266933747983
2129,office,0.01465079136368147
1906,overtime,0.014663017339506847
937,hiatus,0.014664194501727113
2612,kindergartener,0.014667921050915205
1824,computer,0.014668140000424566
1344,various,0.014764671531005436
2369,travel,0.014845556435665788
523,opportunity,0.014852026913337205
199,fun,0.014902741578250727
1131,fill,0.01491168646982455
1255,sung,0.014921214812971406
399,8,0.01493531087285157
250,teacher,0.01498021528230271
1509,tmrw,0.014992031910151414
1027,potter,0.014996762688768539
2147,cuisine,0.015003138583204135
1639,accomplished,0.015044098062100856
1328,season,0.015115330372276917
1864,wishing,0.015147484412869373
302,early,0.01522874276599957
308,brandy,0.015229156174534169
1979,stresses,0.015235536590068512
1511,till,0.015246692291906233
1980,ensuring,0.015273361343271553
940,start,0.015298821942554056
1776,3am,0.01530488856105854
931,stages,0.015327668098034194
431,presents,0.015329865540778326
2410,elementary,0.015406110091653095
943,photography,0.015431991034010564
2335,employment,0.015437968256063786
339,through,0.01547188372321061
1602,30,0.015501568654413322
1293,creative,0.015523382310224137
317,zen,0.015601342300001615
530,holy,0.0156183735558906
949,turkey,0.015681245100813153
884,study,0.015687748887458722
177,time,0.015698597385542155
1788,sit,0.015706473455476513
2675,barn,0.015718054744392602
1549,outings,0.015762464938702904
794,six,0.015830379714260035
132,thank,0.015846377545794096
1974,headphones,0.015904968602393352
677,eating,0.015944495099551693
1031,asleep,0.016014838391279554
2264,effortless,0.016045454389222304
1561,ready,0.016115844653159406
2408,songs,0.016129364884167947
1897,baileys,0.01618343606632436
2726,library,0.016185181941335395
2070,tuesday,0.016210301025398752
318,gym,0.016249419616461046
1249,chocolate,0.016255508132261398
191,commerce,0.016413301420796344
1799,lifts,0.01646842841252763
795,ten,0.016479094090791624
872,calm,0.016505435728859038
49,night,0.01653863565501623
941,minutes,0.01654992890219302
2668,dishes,0.016608592049183055
1563,sip,0.01666460588140216
2588,rain,0.01674226326492284
1816,dulwich,0.01677091952508826
1699,scripture,0.01680586199858358
1253,grace,0.016900782618977074
2701,exciting,0.0169181458957319
2648,shine,0.017041156475522328
978,downstairs,0.017041855430202302
2777,gift,0.017042078472577132
1202,lots,0.017047928937137063
1794,full,0.017063786780413898
571,7th,0.017088708475854194
2752,soundtrack,0.01709230004432833
1958,todos,0.017394900796611677
833,together,0.017410744051055724
790,ages,0.017500738857733473
951,dinner,0.017529963010511736
467,family,0.017631158420605135
2194,hop,0.017645077006759588
2132,chapters,0.01769089557789001
417,class,0.017696960519633143
737,home,0.017957332053709456
362,programme,0.017974651996677225
2600,wakes,0.01810059396740651
761,organizing,0.018128192366247235
504,life,0.018139555374883196
2261,thursday,0.01814189466991223
1078,snow,0.01817432274266876
2059,spending,0.018233747026826588
2202,midnight,0.018254425934252284
1945,vacation,0.018328501033643956
243,birthday,0.018418792279906285
1730,9pm,0.018489306218638243
574,tradition,0.018499347007742674
2620,annual,0.018584138904334645
1229,finals,0.018661177148671708
605,month,0.018759553677927917
1700,serving,0.01877783338975082
1985,quiet,0.018792959866517713
1490,wednesday,0.018821241663969226
1338,outdoor,0.018837804183438105
1995,20th,0.018857268423511674
1404,excitement,0.018958209946573785
1959,chalet,0.018990639251128597
1769,spirit,0.01902401853557962
1327,cheer,0.019051597672449478
2788,paperwork,0.01906042303937094
1917,golden,0.019263227186571696
477,writing,0.019265194988612316
285,winter,0.019331815962081108
2014,rest,0.019337314930764713
2326,sleeping,0.019337652323159597
1064,prepare,0.019483016530060467
1010,smile,0.01951330667304374
1429,cleanse,0.01952848233316058
2558,cuddle,0.01953796885422344
1443,saturday,0.019634891668801516
929,algebra,0.01965038100228654
2359,pulang,0.01965587679621214
1581,working,0.01980230930544038
733,shower,0.01986271226384581
12,year,0.019877107763636614
1994,19th,0.019917470760973496
789,spent,0.020004184698895835
2596,everyday,0.020010823691799354
247,happy,0.020089480049734106
2604,packing,0.0203699821277135
724,weeks,0.02037205388385386
1547,weekly,0.020397186512599152
1781,bed,0.020411368897845193
1250,reading,0.02043106147360432
1175,summer,0.02051879240895444
2315,stockings,0.02056490095765397
1720,6pm,0.020758923674796675
2238,4am,0.020843214644510236
1208,cup,0.020898240713927662
2597,listening,0.02120293150251163
1111,work,0.021217812212707642
2392,tommorrow,0.021285684522285915
1641,miracle,0.021322109679741217
835,sunday,0.021452208805638685
732,sing,0.02145632379575787
786,babysitting,0.02151940947682494
193,awake,0.021630055912088265
2386,cycle,0.02174322268898931
2580,eggnog,0.021764924395651437
1612,service,0.02181020582200029
198,friday,0.021810221386557714
533,school,0.02181732993869292
1460,session,0.02184223138561829
898,daily,0.02190674719420363
765,music,0.02203856805748349
655,exhausted,0.022221266353276894
366,spend,0.022374023032742645
930,exam,0.0227052932736932
1954,sleepy,0.022727030633205955
1151,enjoy,0.02310718372038807
648,pray,0.023199215083164856
2075,prep,0.023201683006417267
2196,sickie,0.023276951177244407
1176,nights,0.02349148604868764
948,cooking,0.023668989252555964
1471,classes,0.023771154444432094
2106,celebratory,0.023820809729536863
240,finished,0.02386046396176112
547,04.00,0.023902682921016088
2352,wonderful,0.024118475590605072
604,weekend,0.024318870058519244
309,washing,0.02439540066196384
2252,monday,0.024442383978616845
2725,lunch,0.02444825420435008
1638,productivity,0.024458039932156995
374,week,0.024621145742905557
1771,lap,0.024623478298277348
1777,days,0.024635972720952488
2251,maths,0.024784430382751025
2088,waking,0.024832519026706013
1845,warm,0.02484484115021911
897,schedule,0.02505562269203782
1554,sleep,0.025147586192454607
490,studying,0.025276446526184937
1862,gifts,0.025351755340492936
1807,coffee,0.025410911361108478
1230,breakfast,0.02561568644929482
2633,meal,0.025617431014429357
99,tomorrow,0.025666062022051263
2378,noon,0.025797225433977403
2427,8.30,0.025903722952178222
2627,labour,0.02621220407776122
2232,sun,0.026344306160074278
297,day,0.02693823976761572
1709,happiness,0.02735284064852569
1148,finish,0.027561724180050814
1396,singing,0.027687625115517717
1126,laundry,0.02770039249093393
1124,cleaning,0.027829343993844492
576,shopping,0.0280456859232597
213,9am,0.028552286031370215
602,celebrations,0.02872291761363537
2108,xmas,0.028839230145257216
1683,humming,0.028935503905400742
2504,praying,0.028940685576448903
367,hour,0.029695841154163745
2391,allday,0.029787758755157108
2187,busy,0.03033970857958319
1097,sunny,0.03036199768860757
1123,hours,0.030516601310407936
1246,snuggled,0.030604491608086103
249,choir,0.031574375361402174
1308,semester,0.03201627911759408
1060,afternoon,0.032591607513410545
430,christmas,0.03276201444055279
826,morning,0.032862794172886525
1785,holiday,0.03331260639178059
1244,baking,0.0343781961123169
2456,oblation,0.03488794693250122
1061,nap,0.03558492792571016
1981,mini-break,0.03698315248497373
1865,relaxing,0.03768418717127743
577,thanksgiving,0.0433000113103914
